class_id,file_id,class_name,start_line,end_line
tests/test_validate_targets.py::Test_All_Targets,tests/test_validate_targets.py,Test_All_Targets,75,98
tests/sherlock_interactives.py::Interactives,tests/sherlock_interactives.py,Interactives,5,34
tests/sherlock_interactives.py::InteractivesSubprocessError,tests/sherlock_interactives.py,InteractivesSubprocessError,36,37
tests/test_probes.py::TestLiveTargets,tests/test_probes.py,TestLiveTargets,22,94
sherlock_project/sherlock.py::SherlockFuturesSession,sherlock_project/sherlock.py,SherlockFuturesSession,47,109
sherlock_project/result.py::QueryStatus,sherlock_project/result.py,QueryStatus,7,27
sherlock_project/result.py::QueryResult,sherlock_project/result.py,QueryResult,29,88
sherlock_project/notify.py::QueryNotify,sherlock_project/notify.py,QueryNotify,13,107
sherlock_project/notify.py::QueryNotifyPrint,sherlock_project/notify.py,QueryNotifyPrint,110,285
sherlock_project/sites.py::SiteInformation,sherlock_project/sites.py,SiteInformation,13,74
sherlock_project/sites.py::SitesInformation,sherlock_project/sites.py,SitesInformation,77,264
