file_id,file_name,path,language,loc
tests/test_validate_targets.py,test_validate_targets.py,/home/cheonsh/Telescode/repos/sherlock/tests/test_validate_targets.py,python,100
tests/test_version.py,test_version.py,/home/cheonsh/Telescode/repos/sherlock/tests/test_version.py,python,16
tests/test_manifest.py,test_manifest.py,/home/cheonsh/Telescode/repos/sherlock/tests/test_manifest.py,python,39
tests/sherlock_interactives.py,sherlock_interactives.py,/home/cheonsh/Telescode/repos/sherlock/tests/sherlock_interactives.py,python,38
tests/test_probes.py,test_probes.py,/home/cheonsh/Telescode/repos/sherlock/tests/test_probes.py,python,105
tests/conftest.py,conftest.py,/home/cheonsh/Telescode/repos/sherlock/tests/conftest.py,python,51
tests/few_test_basic.py,few_test_basic.py,/home/cheonsh/Telescode/repos/sherlock/tests/few_test_basic.py,python,7
tests/test_ux.py,test_ux.py,/home/cheonsh/Telescode/repos/sherlock/tests/test_ux.py,python,43
sherlock_project/sherlock.py,sherlock.py,/home/cheonsh/Telescode/repos/sherlock/sherlock_project/sherlock.py,python,942
sherlock_project/__init__.py,__init__.py,/home/cheonsh/Telescode/repos/sherlock/sherlock_project/__init__.py,python,30
sherlock_project/result.py,result.py,/home/cheonsh/Telescode/repos/sherlock/sherlock_project/result.py,python,89
sherlock_project/__main__.py,__main__.py,/home/cheonsh/Telescode/repos/sherlock/sherlock_project/__main__.py,python,22
sherlock_project/notify.py,notify.py,/home/cheonsh/Telescode/repos/sherlock/sherlock_project/notify.py,python,286
sherlock_project/sites.py,sites.py,/home/cheonsh/Telescode/repos/sherlock/sherlock_project/sites.py,python,265
devel/site-list.py,site-list.py,/home/cheonsh/Telescode/repos/sherlock/devel/site-list.py,python,45
devel/summarize_site_validation.py,summarize_site_validation.py,/home/cheonsh/Telescode/repos/sherlock/devel/summarize_site_validation.py,python,72
