function_id,parent_id,function_name,nesting_depth,is_async,start_line,end_line,parent_type
tests/test_validate_targets.py::set_pattern_upper_bound,tests/test_validate_targets.py,set_pattern_upper_bound,0,0,14,26,file
tests/test_validate_targets.py::set_pattern_upper_bound::replace_upper_bound,tests/test_validate_targets.py::set_pattern_upper_bound,replace_upper_bound,1,0,16,20,file
tests/test_validate_targets.py::false_positive_check,tests/test_validate_targets.py,false_positive_check,0,0,28,51,file
tests/test_validate_targets.py::false_negative_check,tests/test_validate_targets.py,false_negative_check,0,0,54,71,file
tests/test_validate_targets.py::Test_All_Targets::test_false_pos,tests/test_validate_targets.py::Test_All_Targets,test_false_pos,1,0,78,91,class
tests/test_validate_targets.py::Test_All_Targets::test_false_neg,tests/test_validate_targets.py::Test_All_Targets,test_false_neg,1,0,94,98,class
tests/test_version.py::test_versioning,tests/test_version.py,test_versioning,0,0,4,15,file
tests/test_manifest.py::test_validate_manifest_against_local_schema,tests/test_manifest.py,test_validate_manifest_against_local_schema,0,0,5,18,file
tests/test_manifest.py::test_validate_manifest_against_remote_schema,tests/test_manifest.py,test_validate_manifest_against_remote_schema,0,0,22,30,file
tests/test_manifest.py::test_site_list_iterability,tests/test_manifest.py,test_site_list_iterability,0,0,37,38,file
tests/sherlock_interactives.py::Interactives::run_cli,tests/sherlock_interactives.py::Interactives,run_cli,1,0,6,19,class
tests/sherlock_interactives.py::Interactives::walk_sherlock_for_files_with,tests/sherlock_interactives.py::Interactives,walk_sherlock_for_files_with,1,0,22,34,class
tests/test_probes.py::simple_query,tests/test_probes.py,simple_query,0,0,10,18,file
tests/test_probes.py::TestLiveTargets::test_known_positives_via_message,tests/test_probes.py::TestLiveTargets,test_known_positives_via_message,1,0,29,30,class
tests/test_probes.py::TestLiveTargets::test_known_positives_via_status_code,tests/test_probes.py::TestLiveTargets,test_known_positives_via_status_code,1,0,40,41,class
tests/test_probes.py::TestLiveTargets::test_known_positives_via_response_url,tests/test_probes.py::TestLiveTargets,test_known_positives_via_response_url,1,0,49,50,class
tests/test_probes.py::TestLiveTargets::test_likely_negatives_via_message,tests/test_probes.py::TestLiveTargets,test_likely_negatives_via_message,1,0,61,72,class
tests/test_probes.py::TestLiveTargets::test_likely_negatives_via_status_code,tests/test_probes.py::TestLiveTargets,test_likely_negatives_via_status_code,1,0,83,94,class
tests/test_probes.py::test_username_illegal_regex,tests/test_probes.py,test_username_illegal_regex,0,0,97,103,file
tests/conftest.py::fetch_local_manifest,tests/conftest.py,fetch_local_manifest,0,0,6,9,file
tests/conftest.py::sites_obj,tests/conftest.py,sites_obj,0,0,12,14,file
tests/conftest.py::sites_info,tests/conftest.py,sites_info,0,0,17,18,file
tests/conftest.py::remote_schema,tests/conftest.py,remote_schema,0,0,21,25,file
tests/conftest.py::pytest_addoption,tests/conftest.py,pytest_addoption,0,0,27,33,file
tests/conftest.py::pytest_generate_tests,tests/conftest.py,pytest_generate_tests,0,0,35,50,file
tests/few_test_basic.py::test_username_via_message,tests/few_test_basic.py,test_username_via_message,0,0,5,6,file
tests/test_ux.py::test_remove_nsfw,tests/test_ux.py,test_remove_nsfw,0,0,5,9,file
tests/test_ux.py::test_nsfw_explicit_selection,tests/test_ux.py,test_nsfw_explicit_selection,0,0,17,23,file
tests/test_ux.py::test_wildcard_username_expansion,tests/test_ux.py,test_wildcard_username_expansion,0,0,25,32,file
tests/test_ux.py::test_no_usernames_provided,tests/test_ux.py,test_no_usernames_provided,0,0,40,42,file
sherlock_project/sherlock.py::SherlockFuturesSession::request,sherlock_project/sherlock.py::SherlockFuturesSession,request,1,0,48,109,class
sherlock_project/sherlock.py::SherlockFuturesSession::request::response_time,sherlock_project/sherlock.py::SherlockFuturesSession::request,response_time,2,0,74,87,file
sherlock_project/sherlock.py::get_response,sherlock_project/sherlock.py,get_response,0,0,112,139,file
sherlock_project/sherlock.py::interpolate_string,sherlock_project/sherlock.py,interpolate_string,0,0,142,149,file
sherlock_project/sherlock.py::check_for_parameter,sherlock_project/sherlock.py,check_for_parameter,0,0,152,155,file
sherlock_project/sherlock.py::multiple_usernames,sherlock_project/sherlock.py,multiple_usernames,0,0,161,166,file
sherlock_project/sherlock.py::sherlock,sherlock_project/sherlock.py,sherlock,0,0,169,501,file
sherlock_project/sherlock.py::timeout_check,sherlock_project/sherlock.py,timeout_check,0,0,504,526,file
sherlock_project/sherlock.py::handler,sherlock_project/sherlock.py,handler,0,0,529,534,file
sherlock_project/sherlock.py::main,sherlock_project/sherlock.py,main,0,0,537,937,file
sherlock_project/__init__.py::get_version,sherlock_project/__init__.py,get_version,0,0,12,20,file
sherlock_project/result.py::QueryStatus::__str__,sherlock_project/result.py::QueryStatus,__str__,1,0,18,27,class
sherlock_project/result.py::QueryResult::__init__,sherlock_project/result.py::QueryResult,__init__,1,0,34,71,class
sherlock_project/result.py::QueryResult::__str__,sherlock_project/result.py::QueryResult,__str__,1,0,73,88,class
sherlock_project/notify.py::QueryNotify::__init__,sherlock_project/notify.py::QueryNotify,__init__,1,0,22,39,class
sherlock_project/notify.py::QueryNotify::start,sherlock_project/notify.py::QueryNotify,start,1,0,41,58,class
sherlock_project/notify.py::QueryNotify::update,sherlock_project/notify.py::QueryNotify,update,1,0,60,77,class
sherlock_project/notify.py::QueryNotify::finish,sherlock_project/notify.py::QueryNotify,finish,1,0,79,96,class
sherlock_project/notify.py::QueryNotify::__str__,sherlock_project/notify.py::QueryNotify,__str__,1,0,98,107,class
sherlock_project/notify.py::QueryNotifyPrint::__init__,sherlock_project/notify.py::QueryNotifyPrint,__init__,1,0,116,139,class
sherlock_project/notify.py::QueryNotifyPrint::start,sherlock_project/notify.py::QueryNotifyPrint,start,1,0,141,165,class
sherlock_project/notify.py::QueryNotifyPrint::countResults,sherlock_project/notify.py::QueryNotifyPrint,countResults,1,0,167,179,class
sherlock_project/notify.py::QueryNotifyPrint::update,sherlock_project/notify.py::QueryNotifyPrint,update,1,0,181,256,class
sherlock_project/notify.py::QueryNotifyPrint::finish,sherlock_project/notify.py::QueryNotifyPrint,finish,1,0,258,274,class
sherlock_project/notify.py::QueryNotifyPrint::__str__,sherlock_project/notify.py::QueryNotifyPrint,__str__,1,0,276,285,class
sherlock_project/sites.py::SiteInformation::__init__,sherlock_project/sites.py::SiteInformation,__init__,1,0,14,62,class
sherlock_project/sites.py::SiteInformation::__str__,sherlock_project/sites.py::SiteInformation,__str__,1,0,64,74,class
sherlock_project/sites.py::SitesInformation::__init__,sherlock_project/sites.py::SitesInformation,__init__,1,0,78,210,class
sherlock_project/sites.py::SitesInformation::remove_nsfw_sites,sherlock_project/sites.py::SitesInformation,remove_nsfw_sites,1,0,212,228,class
sherlock_project/sites.py::SitesInformation::site_name_list,sherlock_project/sites.py::SitesInformation,site_name_list,1,0,230,240,class
sherlock_project/sites.py::SitesInformation::__iter__,sherlock_project/sites.py::SitesInformation,__iter__,1,0,242,253,class
sherlock_project/sites.py::SitesInformation::__len__,sherlock_project/sites.py::SitesInformation,__len__,1,0,255,264,class
devel/summarize_site_validation.py::summarize_junit_xml,devel/summarize_site_validation.py,summarize_junit_xml,0,0,8,58,file
