function_id,param_name,ordinal
tests/test_validate_targets.py::set_pattern_upper_bound,pattern,0
tests/test_validate_targets.py::set_pattern_upper_bound,upper_bound,1
tests/test_validate_targets.py::set_pattern_upper_bound::replace_upper_bound,match,0
tests/test_validate_targets.py::false_positive_check,sites_info,0
tests/test_validate_targets.py::false_positive_check,site,1
tests/test_validate_targets.py::false_positive_check,pattern,2
tests/test_validate_targets.py::false_negative_check,sites_info,0
tests/test_validate_targets.py::false_negative_check,site,1
tests/test_validate_targets.py::Test_All_Targets::test_false_pos,self,0
tests/test_validate_targets.py::Test_All_Targets::test_false_pos,chunked_sites,1
tests/test_validate_targets.py::Test_All_Targets::test_false_neg,self,0
tests/test_validate_targets.py::Test_All_Targets::test_false_neg,chunked_sites,1
tests/test_manifest.py::test_validate_manifest_against_remote_schema,remote_schema,0
tests/test_manifest.py::test_site_list_iterability,sites_info,0
tests/test_manifest.py::test_site_list_iterability,target_name,1
tests/test_manifest.py::test_site_list_iterability,target_expected_err_type,2
tests/sherlock_interactives.py::Interactives::run_cli,args,0
tests/sherlock_interactives.py::Interactives::walk_sherlock_for_files_with,pattern,0
tests/test_probes.py::simple_query,sites_info,0
tests/test_probes.py::simple_query,site,1
tests/test_probes.py::simple_query,username,2
tests/test_probes.py::TestLiveTargets::test_known_positives_via_message,self,0
tests/test_probes.py::TestLiveTargets::test_known_positives_via_message,sites_info,1
tests/test_probes.py::TestLiveTargets::test_known_positives_via_message,site,2
tests/test_probes.py::TestLiveTargets::test_known_positives_via_message,username,3
tests/test_probes.py::TestLiveTargets::test_known_positives_via_status_code,self,0
tests/test_probes.py::TestLiveTargets::test_known_positives_via_status_code,sites_info,1
tests/test_probes.py::TestLiveTargets::test_known_positives_via_status_code,site,2
tests/test_probes.py::TestLiveTargets::test_known_positives_via_status_code,username,3
tests/test_probes.py::TestLiveTargets::test_known_positives_via_response_url,self,0
tests/test_probes.py::TestLiveTargets::test_known_positives_via_response_url,sites_info,1
tests/test_probes.py::TestLiveTargets::test_known_positives_via_response_url,site,2
tests/test_probes.py::TestLiveTargets::test_known_positives_via_response_url,username,3
tests/test_probes.py::TestLiveTargets::test_likely_negatives_via_message,self,0
tests/test_probes.py::TestLiveTargets::test_likely_negatives_via_message,sites_info,1
tests/test_probes.py::TestLiveTargets::test_likely_negatives_via_message,site,2
tests/test_probes.py::TestLiveTargets::test_likely_negatives_via_message,random_len,3
tests/test_probes.py::TestLiveTargets::test_likely_negatives_via_status_code,self,0
tests/test_probes.py::TestLiveTargets::test_likely_negatives_via_status_code,sites_info,1
tests/test_probes.py::TestLiveTargets::test_likely_negatives_via_status_code,site,2
tests/test_probes.py::TestLiveTargets::test_likely_negatives_via_status_code,random_len,3
tests/test_probes.py::test_username_illegal_regex,sites_info,0
tests/conftest.py::fetch_local_manifest,honor_exclusions,0
tests/conftest.py::pytest_addoption,parser,0
tests/conftest.py::pytest_generate_tests,metafunc,0
tests/test_ux.py::test_remove_nsfw,sites_obj,0
tests/test_ux.py::test_nsfw_explicit_selection,sites_obj,0
tests/test_ux.py::test_nsfw_explicit_selection,nsfwsites,1
tests/test_ux.py::test_no_usernames_provided,cliargs,0
sherlock_project/sherlock.py::SherlockFuturesSession::request,self,0
sherlock_project/sherlock.py::SherlockFuturesSession::request,method,1
sherlock_project/sherlock.py::SherlockFuturesSession::request,url,2
sherlock_project/sherlock.py::SherlockFuturesSession::request,hooks,3
sherlock_project/sherlock.py::SherlockFuturesSession::request,args,4
sherlock_project/sherlock.py::SherlockFuturesSession::request,kwargs,5
sherlock_project/sherlock.py::SherlockFuturesSession::request::response_time,resp,0
sherlock_project/sherlock.py::SherlockFuturesSession::request::response_time,args,1
sherlock_project/sherlock.py::SherlockFuturesSession::request::response_time,kwargs,2
sherlock_project/sherlock.py::get_response,request_future,0
sherlock_project/sherlock.py::get_response,error_type,1
sherlock_project/sherlock.py::get_response,social_network,2
sherlock_project/sherlock.py::interpolate_string,input_object,0
sherlock_project/sherlock.py::interpolate_string,username,1
sherlock_project/sherlock.py::check_for_parameter,username,0
sherlock_project/sherlock.py::multiple_usernames,username,0
sherlock_project/sherlock.py::sherlock,username,0
sherlock_project/sherlock.py::sherlock,site_data,1
sherlock_project/sherlock.py::sherlock,query_notify,2
sherlock_project/sherlock.py::sherlock,dump_response,3
sherlock_project/sherlock.py::sherlock,proxy,4
sherlock_project/sherlock.py::sherlock,timeout,5
sherlock_project/sherlock.py::timeout_check,value,0
sherlock_project/sherlock.py::handler,signal_received,0
sherlock_project/sherlock.py::handler,frame,1
sherlock_project/result.py::QueryStatus::__str__,self,0
sherlock_project/result.py::QueryResult::__init__,self,0
sherlock_project/result.py::QueryResult::__init__,username,1
sherlock_project/result.py::QueryResult::__init__,site_name,2
sherlock_project/result.py::QueryResult::__init__,site_url_user,3
sherlock_project/result.py::QueryResult::__init__,status,4
sherlock_project/result.py::QueryResult::__init__,query_time,5
sherlock_project/result.py::QueryResult::__init__,context,6
sherlock_project/result.py::QueryResult::__str__,self,0
sherlock_project/notify.py::QueryNotify::__init__,self,0
sherlock_project/notify.py::QueryNotify::__init__,result,1
sherlock_project/notify.py::QueryNotify::start,self,0
sherlock_project/notify.py::QueryNotify::start,message,1
sherlock_project/notify.py::QueryNotify::update,self,0
sherlock_project/notify.py::QueryNotify::update,result,1
sherlock_project/notify.py::QueryNotify::finish,self,0
sherlock_project/notify.py::QueryNotify::finish,message,1
sherlock_project/notify.py::QueryNotify::__str__,self,0
sherlock_project/notify.py::QueryNotifyPrint::__init__,self,0
sherlock_project/notify.py::QueryNotifyPrint::__init__,result,1
sherlock_project/notify.py::QueryNotifyPrint::__init__,verbose,2
sherlock_project/notify.py::QueryNotifyPrint::__init__,print_all,3
sherlock_project/notify.py::QueryNotifyPrint::__init__,browse,4
sherlock_project/notify.py::QueryNotifyPrint::start,self,0
sherlock_project/notify.py::QueryNotifyPrint::start,message,1
sherlock_project/notify.py::QueryNotifyPrint::countResults,self,0
sherlock_project/notify.py::QueryNotifyPrint::update,self,0
sherlock_project/notify.py::QueryNotifyPrint::update,result,1
sherlock_project/notify.py::QueryNotifyPrint::finish,self,0
sherlock_project/notify.py::QueryNotifyPrint::finish,message,1
sherlock_project/notify.py::QueryNotifyPrint::__str__,self,0
sherlock_project/sites.py::SiteInformation::__init__,self,0
sherlock_project/sites.py::SiteInformation::__init__,name,1
sherlock_project/sites.py::SiteInformation::__init__,url_home,2
sherlock_project/sites.py::SiteInformation::__init__,url_username_format,3
sherlock_project/sites.py::SiteInformation::__init__,username_claimed,4
sherlock_project/sites.py::SiteInformation::__init__,information,5
sherlock_project/sites.py::SiteInformation::__init__,is_nsfw,6
sherlock_project/sites.py::SiteInformation::__init__,username_unclaimed,7
sherlock_project/sites.py::SiteInformation::__str__,self,0
sherlock_project/sites.py::SitesInformation::__init__,self,0
sherlock_project/sites.py::SitesInformation::__init__,data_file_path,1
sherlock_project/sites.py::SitesInformation::__init__,honor_exclusions,2
sherlock_project/sites.py::SitesInformation::__init__,do_not_exclude,3
sherlock_project/sites.py::SitesInformation::remove_nsfw_sites,self,0
sherlock_project/sites.py::SitesInformation::remove_nsfw_sites,do_not_remove,1
sherlock_project/sites.py::SitesInformation::site_name_list,self,0
sherlock_project/sites.py::SitesInformation::__iter__,self,0
sherlock_project/sites.py::SitesInformation::__len__,self,0
devel/summarize_site_validation.py::summarize_junit_xml,xml_path,0
