instance_id,base_commit,status,error,gold_files,n_files_scanned,n_gold,n_gold_in_scan,n_gold_added_by_patch,n_gold_existing_at_base,reachable_recall_ceiling,n_positive_rows,seconds,scanner_md5,scanner_path,algo_md5,algo_path
pydata__xarray-2905,7c4e2ac83f7b4306296ff9b7b51aaf016e5ad614,ok,,xarray/core/variable.py,152,1,1,0,1,1.0,1,1.74,921cbf6b4895944feb749dec66d2d0bb,/home/cheonsh/Telescode/bench/bin/TelescodeScanner,18eaf26b8a689c81050929634f9f537f,/home/cheonsh/Telescode/bench/bin/TelescodeAlgo
pydata__xarray-2922,65a5bff79479c4b56d6f733236fe544b7f4120a8,ok,,xarray/core/common.py;xarray/core/dataarray.py;xarray/core/dataset.py;xarray/core/weighted.py,141,4,3,1,3,0.75,3,1.57,921cbf6b4895944feb749dec66d2d0bb,/home/cheonsh/Telescode/bench/bin/TelescodeScanner,18eaf26b8a689c81050929634f9f537f,/home/cheonsh/Telescode/bench/bin/TelescodeAlgo
pydata__xarray-3095,1757dffac2fa493d7b9a074b84cf8c830a706688,ok,,xarray/core/indexing.py;xarray/core/variable.py,135,2,2,0,2,1.0,2,1.38,921cbf6b4895944feb749dec66d2d0bb,/home/cheonsh/Telescode/bench/bin/TelescodeScanner,18eaf26b8a689c81050929634f9f537f,/home/cheonsh/Telescode/bench/bin/TelescodeAlgo
pydata__xarray-3114,b3ba4ba5f9508e4b601d9cf5dbcd9024993adf37,ok,,xarray/core/dataarray.py;xarray/core/dataset.py;xarray/core/indexing.py,135,3,3,0,3,1.0,3,1.6,921cbf6b4895944feb749dec66d2d0bb,/home/cheonsh/Telescode/bench/bin/TelescodeScanner,18eaf26b8a689c81050929634f9f537f,/home/cheonsh/Telescode/bench/bin/TelescodeAlgo
pydata__xarray-3151,118f4d996e7711c9aced916e6049af9f28d5ec66,ok,,xarray/core/combine.py,135,1,1,0,1,1.0,1,1.52,921cbf6b4895944feb749dec66d2d0bb,/home/cheonsh/Telescode/bench/bin/TelescodeScanner,18eaf26b8a689c81050929634f9f537f,/home/cheonsh/Telescode/bench/bin/TelescodeAlgo
pydata__xarray-3156,118f4d996e7711c9aced916e6049af9f28d5ec66,ok,,xarray/core/groupby.py,135,1,1,0,1,1.0,1,1.71,921cbf6b4895944feb749dec66d2d0bb,/home/cheonsh/Telescode/bench/bin/TelescodeScanner,18eaf26b8a689c81050929634f9f537f,/home/cheonsh/Telescode/bench/bin/TelescodeAlgo
pydata__xarray-3159,e3b3bed2c2e27eb74adc2b7f80c365c2928cd78b,ok,,xarray/core/dataarray.py;xarray/core/utils.py,137,2,2,0,2,1.0,2,1.29,921cbf6b4895944feb749dec66d2d0bb,/home/cheonsh/Telescode/bench/bin/TelescodeScanner,18eaf26b8a689c81050929634f9f537f,/home/cheonsh/Telescode/bench/bin/TelescodeAlgo
pydata__xarray-3239,e90e8bc06cf8e7c97c7dc4c0e8ff1bf87c49faf6,ok,,xarray/backends/api.py;xarray/core/combine.py;xarray/core/concat.py;xarray/core/dataarray.py;xarray/core/merge.py,137,5,5,0,5,1.0,5,1.38,921cbf6b4895944feb749dec66d2d0bb,/home/cheonsh/Telescode/bench/bin/TelescodeScanner,18eaf26b8a689c81050929634f9f537f,/home/cheonsh/Telescode/bench/bin/TelescodeAlgo
pydata__xarray-3302,94525bbaf417476dbe9a70b98801ae04aceaebf3,ok,,doc/conf.py;xarray/core/dataarray.py;xarray/core/dataset.py;xarray/core/missing.py,144,4,4,0,4,1.0,4,1.36,921cbf6b4895944feb749dec66d2d0bb,/home/cheonsh/Telescode/bench/bin/TelescodeScanner,18eaf26b8a689c81050929634f9f537f,/home/cheonsh/Telescode/bench/bin/TelescodeAlgo
pydata__xarray-3305,69c7e01e5167a3137c285cb50d1978252bb8bcbf,ok,,xarray/core/dataset.py;xarray/core/variable.py,137,2,2,0,2,1.0,2,1.35,921cbf6b4895944feb749dec66d2d0bb,/home/cheonsh/Telescode/bench/bin/TelescodeScanner,18eaf26b8a689c81050929634f9f537f,/home/cheonsh/Telescode/bench/bin/TelescodeAlgo
pydata__xarray-3338,3f0049ffc51e4c709256cf174c435f741370148d,ok,,xarray/core/groupby.py,137,1,1,0,1,1.0,1,1.32,921cbf6b4895944feb749dec66d2d0bb,/home/cheonsh/Telescode/bench/bin/TelescodeScanner,18eaf26b8a689c81050929634f9f537f,/home/cheonsh/Telescode/bench/bin/TelescodeAlgo
pydata__xarray-3364,863e49066ca4d61c9adfe62aca3bf21b90e1af8c,ok,,xarray/core/concat.py,139,1,1,0,1,1.0,1,1.32,921cbf6b4895944feb749dec66d2d0bb,/home/cheonsh/Telescode/bench/bin/TelescodeScanner,18eaf26b8a689c81050929634f9f537f,/home/cheonsh/Telescode/bench/bin/TelescodeAlgo
pydata__xarray-3406,fb0cf7b5fe56519a933ffcecbce9e9327fe236a6,ok,,xarray/core/groupby.py,142,1,1,0,1,1.0,1,1.35,921cbf6b4895944feb749dec66d2d0bb,/home/cheonsh/Telescode/bench/bin/TelescodeScanner,18eaf26b8a689c81050929634f9f537f,/home/cheonsh/Telescode/bench/bin/TelescodeAlgo
pydata__xarray-3520,8b240376fd91352a80b068af606850e8d57d1090,ok,,xarray/core/dataarray.py;xarray/core/dataset.py,144,2,2,0,2,1.0,2,1.57,921cbf6b4895944feb749dec66d2d0bb,/home/cheonsh/Telescode/bench/bin/TelescodeScanner,18eaf26b8a689c81050929634f9f537f,/home/cheonsh/Telescode/bench/bin/TelescodeAlgo
pydata__xarray-3527,c0ef2f616e87e9f924425bcd373ac265f14203cb,ok,,xarray/core/groupby.py,144,1,1,0,1,1.0,1,1.4,921cbf6b4895944feb749dec66d2d0bb,/home/cheonsh/Telescode/bench/bin/TelescodeScanner,18eaf26b8a689c81050929634f9f537f,/home/cheonsh/Telescode/bench/bin/TelescodeAlgo
pydata__xarray-3631,c32e58b4fff72816c6b554db51509bea6a891cdc,ok,,xarray/coding/cftimeindex.py;xarray/core/dataarray.py;xarray/core/dataset.py;xarray/core/duck_array_ops.py;xarray/core/missing.py,144,5,5,0,5,1.0,5,1.37,921cbf6b4895944feb749dec66d2d0bb,/home/cheonsh/Telescode/bench/bin/TelescodeScanner,18eaf26b8a689c81050929634f9f537f,/home/cheonsh/Telescode/bench/bin/TelescodeAlgo
pydata__xarray-3635,f2b2f9f62ea0f1020262a7ff563bfe74258ffaa1,ok,,xarray/core/variable.py,144,1,1,0,1,1.0,1,1.38,921cbf6b4895944feb749dec66d2d0bb,/home/cheonsh/Telescode/bench/bin/TelescodeScanner,18eaf26b8a689c81050929634f9f537f,/home/cheonsh/Telescode/bench/bin/TelescodeAlgo
pydata__xarray-3637,6295bc6bca1559680544ea86051f35fa2d367fe1,ok,,xarray/core/concat.py;xarray/core/variable.py,144,2,2,0,2,1.0,2,1.43,921cbf6b4895944feb749dec66d2d0bb,/home/cheonsh/Telescode/bench/bin/TelescodeScanner,18eaf26b8a689c81050929634f9f537f,/home/cheonsh/Telescode/bench/bin/TelescodeAlgo
pydata__xarray-3649,3cbc459caa010f9b5042d3fa312b66c9b2b6c403,ok,,xarray/core/combine.py,144,1,1,0,1,1.0,1,1.54,921cbf6b4895944feb749dec66d2d0bb,/home/cheonsh/Telescode/bench/bin/TelescodeScanner,18eaf26b8a689c81050929634f9f537f,/home/cheonsh/Telescode/bench/bin/TelescodeAlgo
pydata__xarray-3677,ef6e6a7b86f8479b9a1fecf15ad5b88a2326b31e,ok,,xarray/core/dataset.py,144,1,1,0,1,1.0,1,1.59,921cbf6b4895944feb749dec66d2d0bb,/home/cheonsh/Telescode/bench/bin/TelescodeScanner,18eaf26b8a689c81050929634f9f537f,/home/cheonsh/Telescode/bench/bin/TelescodeAlgo
pydata__xarray-3733,009aa66620b3437cf0de675013fa7d1ff231963c,ok,,xarray/__init__.py;xarray/core/computation.py;xarray/core/dask_array_ops.py;xarray/core/dataarray.py;xarray/core/dataset.py;xarray/core/duck_array_ops.py;xarray/core/nputils.py,143,7,7,0,7,1.0,7,1.55,921cbf6b4895944feb749dec66d2d0bb,/home/cheonsh/Telescode/bench/bin/TelescodeScanner,18eaf26b8a689c81050929634f9f537f,/home/cheonsh/Telescode/bench/bin/TelescodeAlgo
pydata__xarray-3812,8512b7bf498c0c300f146447c0b05545842e9404,ok,,xarray/core/options.py,141,1,1,0,1,1.0,1,1.62,921cbf6b4895944feb749dec66d2d0bb,/home/cheonsh/Telescode/bench/bin/TelescodeScanner,18eaf26b8a689c81050929634f9f537f,/home/cheonsh/Telescode/bench/bin/TelescodeAlgo
pydata__xarray-3905,fb5fe79a2881055065cc2c0ed3f49f5448afdf32,ok,,xarray/core/formatting.py,144,1,1,0,1,1.0,1,1.78,921cbf6b4895944feb749dec66d2d0bb,/home/cheonsh/Telescode/bench/bin/TelescodeScanner,18eaf26b8a689c81050929634f9f537f,/home/cheonsh/Telescode/bench/bin/TelescodeAlgo
pydata__xarray-3976,2c77eb531b6689f9f1d2adbde0d8bf852f1f7362,ok,,xarray/core/dataarray.py,143,1,1,0,1,1.0,1,1.68,921cbf6b4895944feb749dec66d2d0bb,/home/cheonsh/Telescode/bench/bin/TelescodeScanner,18eaf26b8a689c81050929634f9f537f,/home/cheonsh/Telescode/bench/bin/TelescodeAlgo
pydata__xarray-3979,2c77eb531b6689f9f1d2adbde0d8bf852f1f7362,ok,,xarray/core/common.py,143,1,1,0,1,1.0,1,1.65,921cbf6b4895944feb749dec66d2d0bb,/home/cheonsh/Telescode/bench/bin/TelescodeScanner,18eaf26b8a689c81050929634f9f537f,/home/cheonsh/Telescode/bench/bin/TelescodeAlgo
pydata__xarray-3993,8cc34cb412ba89ebca12fc84f76a9e452628f1bc,ok,,xarray/core/dataarray.py;xarray/core/dataset.py,151,2,2,0,2,1.0,2,1.88,921cbf6b4895944feb749dec66d2d0bb,/home/cheonsh/Telescode/bench/bin/TelescodeScanner,18eaf26b8a689c81050929634f9f537f,/home/cheonsh/Telescode/bench/bin/TelescodeAlgo
pydata__xarray-4075,19b088636eb7d3f65ab7a1046ac672e0689371d8,ok,,xarray/core/weighted.py,143,1,1,0,1,1.0,1,1.56,921cbf6b4895944feb749dec66d2d0bb,/home/cheonsh/Telescode/bench/bin/TelescodeScanner,18eaf26b8a689c81050929634f9f537f,/home/cheonsh/Telescode/bench/bin/TelescodeAlgo
pydata__xarray-4094,a64cf2d5476e7bbda099b34c40b7be1880dbd39a,ok,,xarray/core/dataarray.py,144,1,1,0,1,1.0,1,1.64,921cbf6b4895944feb749dec66d2d0bb,/home/cheonsh/Telescode/bench/bin/TelescodeScanner,18eaf26b8a689c81050929634f9f537f,/home/cheonsh/Telescode/bench/bin/TelescodeAlgo
pydata__xarray-4098,e5cc19cd8f8a69e0743f230f5bf51b7778a0ff96,ok,,xarray/core/groupby.py,143,1,1,0,1,1.0,1,1.59,921cbf6b4895944feb749dec66d2d0bb,/home/cheonsh/Telescode/bench/bin/TelescodeScanner,18eaf26b8a689c81050929634f9f537f,/home/cheonsh/Telescode/bench/bin/TelescodeAlgo
pydata__xarray-4182,65ca92a5c0a4143d00dd7a822bcb1d49738717f1,ok,,xarray/core/formatting_html.py,144,1,1,0,1,1.0,1,1.75,921cbf6b4895944feb749dec66d2d0bb,/home/cheonsh/Telescode/bench/bin/TelescodeScanner,18eaf26b8a689c81050929634f9f537f,/home/cheonsh/Telescode/bench/bin/TelescodeAlgo
pydata__xarray-4184,65ca92a5c0a4143d00dd7a822bcb1d49738717f1,ok,,asv_bench/benchmarks/pandas.py;xarray/core/dataset.py;xarray/core/indexes.py,144,3,2,1,2,0.6666666666666666,2,1.87,921cbf6b4895944feb749dec66d2d0bb,/home/cheonsh/Telescode/bench/bin/TelescodeScanner,18eaf26b8a689c81050929634f9f537f,/home/cheonsh/Telescode/bench/bin/TelescodeAlgo
pydata__xarray-4248,98dc1f4ea18738492e074e9e51ddfed5cd30ab94,ok,,xarray/core/formatting.py,146,1,1,0,1,1.0,1,1.55,921cbf6b4895944feb749dec66d2d0bb,/home/cheonsh/Telescode/bench/bin/TelescodeScanner,18eaf26b8a689c81050929634f9f537f,/home/cheonsh/Telescode/bench/bin/TelescodeAlgo
pydata__xarray-4339,3b5a8ee46be7fd00d7ea9093d1941cb6c3be191c,ok,,xarray/core/accessor_str.py,146,1,1,0,1,1.0,1,1.7,921cbf6b4895944feb749dec66d2d0bb,/home/cheonsh/Telescode/bench/bin/TelescodeScanner,18eaf26b8a689c81050929634f9f537f,/home/cheonsh/Telescode/bench/bin/TelescodeAlgo
pydata__xarray-4356,e05fddea852d08fc0845f954b79deb9e9f9ff883,ok,,xarray/core/nanops.py,146,1,1,0,1,1.0,1,1.95,921cbf6b4895944feb749dec66d2d0bb,/home/cheonsh/Telescode/bench/bin/TelescodeScanner,18eaf26b8a689c81050929634f9f537f,/home/cheonsh/Telescode/bench/bin/TelescodeAlgo
pydata__xarray-4419,2ed6d57fa5e14e87e83c8194e619538f6edcd90a,ok,,xarray/core/concat.py,146,1,1,0,1,1.0,1,1.79,921cbf6b4895944feb749dec66d2d0bb,/home/cheonsh/Telescode/bench/bin/TelescodeScanner,18eaf26b8a689c81050929634f9f537f,/home/cheonsh/Telescode/bench/bin/TelescodeAlgo
pydata__xarray-4423,5296ed18272a856d478fbbb3d3253205508d1c2d,ok,,xarray/core/duck_array_ops.py,146,1,1,0,1,1.0,1,1.75,921cbf6b4895944feb749dec66d2d0bb,/home/cheonsh/Telescode/bench/bin/TelescodeScanner,18eaf26b8a689c81050929634f9f537f,/home/cheonsh/Telescode/bench/bin/TelescodeAlgo
pydata__xarray-4442,9a4313b4b75c181eade5a61f1a2f053b9d1bb293,ok,,xarray/core/coordinates.py,152,1,1,0,1,1.0,1,1.95,921cbf6b4895944feb749dec66d2d0bb,/home/cheonsh/Telescode/bench/bin/TelescodeScanner,18eaf26b8a689c81050929634f9f537f,/home/cheonsh/Telescode/bench/bin/TelescodeAlgo
pydata__xarray-4493,a5f53e203c52a7605d5db799864046471115d04f,ok,,xarray/core/variable.py,152,1,1,0,1,1.0,1,1.85,921cbf6b4895944feb749dec66d2d0bb,/home/cheonsh/Telescode/bench/bin/TelescodeScanner,18eaf26b8a689c81050929634f9f537f,/home/cheonsh/Telescode/bench/bin/TelescodeAlgo
pydata__xarray-4510,7ce0110f727b37a776d509174365cf0905163234,ok,,xarray/core/common.py;xarray/core/rolling.py,148,2,2,0,2,1.0,2,1.75,921cbf6b4895944feb749dec66d2d0bb,/home/cheonsh/Telescode/bench/bin/TelescodeScanner,18eaf26b8a689c81050929634f9f537f,/home/cheonsh/Telescode/bench/bin/TelescodeAlgo
pydata__xarray-4629,a41edc7bf5302f2ea327943c0c48c532b12009bc,ok,,xarray/core/merge.py,149,1,1,0,1,1.0,1,1.85,921cbf6b4895944feb749dec66d2d0bb,/home/cheonsh/Telescode/bench/bin/TelescodeScanner,18eaf26b8a689c81050929634f9f537f,/home/cheonsh/Telescode/bench/bin/TelescodeAlgo
pydata__xarray-4683,19ebec52ef93ab8a640d04eb0edb7264823f6ba8,ok,,doc/conf.py;xarray/core/common.py;xarray/core/duck_array_ops.py;xarray/core/variable.py,150,4,4,0,4,1.0,4,1.86,921cbf6b4895944feb749dec66d2d0bb,/home/cheonsh/Telescode/bench/bin/TelescodeScanner,18eaf26b8a689c81050929634f9f537f,/home/cheonsh/Telescode/bench/bin/TelescodeAlgo
pydata__xarray-4684,0f1eb96c924bad60ea87edd9139325adabfefa33,ok,,xarray/coding/times.py,151,1,1,0,1,1.0,1,1.89,921cbf6b4895944feb749dec66d2d0bb,/home/cheonsh/Telescode/bench/bin/TelescodeScanner,18eaf26b8a689c81050929634f9f537f,/home/cheonsh/Telescode/bench/bin/TelescodeAlgo
pydata__xarray-4687,d3b6aa6d8b997df115a53c001d00222a0f92f63a,ok,,xarray/core/computation.py,165,1,1,0,1,1.0,1,2.41,921cbf6b4895944feb749dec66d2d0bb,/home/cheonsh/Telescode/bench/bin/TelescodeScanner,18eaf26b8a689c81050929634f9f537f,/home/cheonsh/Telescode/bench/bin/TelescodeAlgo
pydata__xarray-4695,51ef2a66c4e0896eab7d2b03e3dfb3963e338e3c,ok,,xarray/core/dataarray.py,150,1,1,0,1,1.0,1,1.83,921cbf6b4895944feb749dec66d2d0bb,/home/cheonsh/Telescode/bench/bin/TelescodeScanner,18eaf26b8a689c81050929634f9f537f,/home/cheonsh/Telescode/bench/bin/TelescodeAlgo
pydata__xarray-4750,0f1eb96c924bad60ea87edd9139325adabfefa33,ok,,xarray/core/formatting.py;xarray/core/options.py,151,2,2,0,2,1.0,2,1.8,921cbf6b4895944feb749dec66d2d0bb,/home/cheonsh/Telescode/bench/bin/TelescodeScanner,18eaf26b8a689c81050929634f9f537f,/home/cheonsh/Telescode/bench/bin/TelescodeAlgo
pydata__xarray-4758,46591d28d9fbbfc184aaf4075d330b1c8f070627,ok,,xarray/coding/cftime_offsets.py;xarray/coding/times.py,152,2,2,0,2,1.0,2,1.79,921cbf6b4895944feb749dec66d2d0bb,/home/cheonsh/Telescode/bench/bin/TelescodeScanner,18eaf26b8a689c81050929634f9f537f,/home/cheonsh/Telescode/bench/bin/TelescodeAlgo
pydata__xarray-4759,f52a95cbe694336fe47bc5a42c713bee8ad74d64,ok,,xarray/core/alignment.py;xarray/core/concat.py;xarray/core/dataarray.py;xarray/core/dataset.py;xarray/core/merge.py;xarray/core/utils.py;xarray/core/variable.py,151,7,7,0,7,1.0,7,1.74,921cbf6b4895944feb749dec66d2d0bb,/home/cheonsh/Telescode/bench/bin/TelescodeScanner,18eaf26b8a689c81050929634f9f537f,/home/cheonsh/Telescode/bench/bin/TelescodeAlgo
pydata__xarray-4767,7298df0c05168896a9813249b54a2d11f35cfa8f,ok,,xarray/core/dataarray.py;xarray/core/utils.py,151,2,2,0,2,1.0,2,1.76,921cbf6b4895944feb749dec66d2d0bb,/home/cheonsh/Telescode/bench/bin/TelescodeScanner,18eaf26b8a689c81050929634f9f537f,/home/cheonsh/Telescode/bench/bin/TelescodeAlgo
pydata__xarray-4802,84df75d366edaaa0af172047145a3409cac9bb3a,ok,,xarray/coding/variables.py,151,1,1,0,1,1.0,1,1.85,921cbf6b4895944feb749dec66d2d0bb,/home/cheonsh/Telescode/bench/bin/TelescodeScanner,18eaf26b8a689c81050929634f9f537f,/home/cheonsh/Telescode/bench/bin/TelescodeAlgo
pydata__xarray-4819,a2b1712afd957deaf189c9b1a04e469596d853c9,ok,,xarray/core/dataarray.py;xarray/core/dataset.py,151,2,2,0,2,1.0,2,1.76,921cbf6b4895944feb749dec66d2d0bb,/home/cheonsh/Telescode/bench/bin/TelescodeScanner,18eaf26b8a689c81050929634f9f537f,/home/cheonsh/Telescode/bench/bin/TelescodeAlgo
pydata__xarray-4827,f98d6f065db2ad1f8911cb22aa04b4e0210ecee4,ok,,xarray/core/combine.py;xarray/core/concat.py;xarray/core/merge.py,152,3,3,0,3,1.0,3,1.75,921cbf6b4895944feb749dec66d2d0bb,/home/cheonsh/Telescode/bench/bin/TelescodeScanner,18eaf26b8a689c81050929634f9f537f,/home/cheonsh/Telescode/bench/bin/TelescodeAlgo
pydata__xarray-4879,15c68366b8ba8fd678d675df5688cf861d1c7235,ok,,xarray/backends/file_manager.py,172,1,1,0,1,1.0,1,2.33,921cbf6b4895944feb749dec66d2d0bb,/home/cheonsh/Telescode/bench/bin/TelescodeScanner,18eaf26b8a689c81050929634f9f537f,/home/cheonsh/Telescode/bench/bin/TelescodeAlgo
pydata__xarray-4911,7c4e2ac83f7b4306296ff9b7b51aaf016e5ad614,ok,,xarray/core/dtypes.py;xarray/core/nanops.py;xarray/core/ops.py,152,3,3,0,3,1.0,3,1.91,921cbf6b4895944feb749dec66d2d0bb,/home/cheonsh/Telescode/bench/bin/TelescodeScanner,18eaf26b8a689c81050929634f9f537f,/home/cheonsh/Telescode/bench/bin/TelescodeAlgo
pydata__xarray-4939,eb7e112d45a9edebd8e5fb4f873e3e6adb18824a,ok,,xarray/core/rolling.py,152,1,1,0,1,1.0,1,1.91,921cbf6b4895944feb749dec66d2d0bb,/home/cheonsh/Telescode/bench/bin/TelescodeScanner,18eaf26b8a689c81050929634f9f537f,/home/cheonsh/Telescode/bench/bin/TelescodeAlgo
pydata__xarray-4940,48378c4b11c5c2672ff91396d4284743165b4fbe,ok,,xarray/core/dataset.py,153,1,1,0,1,1.0,1,1.81,921cbf6b4895944feb749dec66d2d0bb,/home/cheonsh/Telescode/bench/bin/TelescodeScanner,18eaf26b8a689c81050929634f9f537f,/home/cheonsh/Telescode/bench/bin/TelescodeAlgo
pydata__xarray-4966,37522e991a32ee3c0ad1a5ff8afe8e3eb1885550,ok,,xarray/coding/variables.py,153,1,1,0,1,1.0,1,1.7,921cbf6b4895944feb749dec66d2d0bb,/home/cheonsh/Telescode/bench/bin/TelescodeScanner,18eaf26b8a689c81050929634f9f537f,/home/cheonsh/Telescode/bench/bin/TelescodeAlgo
pydata__xarray-4994,c7c4aae1fa2bcb9417e498e7dcb4acc0792c402d,ok,,xarray/core/accessor_dt.py,152,1,1,0,1,1.0,1,1.75,921cbf6b4895944feb749dec66d2d0bb,/home/cheonsh/Telescode/bench/bin/TelescodeScanner,18eaf26b8a689c81050929634f9f537f,/home/cheonsh/Telescode/bench/bin/TelescodeAlgo
pydata__xarray-5033,f94de6b4504482ab206f93ec800608f2e1f47b19,ok,,xarray/backends/api.py;xarray/backends/plugins.py,152,2,2,0,2,1.0,2,1.8,921cbf6b4895944feb749dec66d2d0bb,/home/cheonsh/Telescode/bench/bin/TelescodeScanner,18eaf26b8a689c81050929634f9f537f,/home/cheonsh/Telescode/bench/bin/TelescodeAlgo
pydata__xarray-5126,6bfbaede69eb73810cb63672a8161bd1fc147594,ok,,xarray/core/formatting.py;xarray/core/formatting_html.py;xarray/core/options.py,154,3,3,0,3,1.0,3,1.79,921cbf6b4895944feb749dec66d2d0bb,/home/cheonsh/Telescode/bench/bin/TelescodeScanner,18eaf26b8a689c81050929634f9f537f,/home/cheonsh/Telescode/bench/bin/TelescodeAlgo
pydata__xarray-5131,e56905889c836c736152b11a7e6117a229715975,ok,,xarray/core/groupby.py,152,1,1,0,1,1.0,1,1.76,921cbf6b4895944feb749dec66d2d0bb,/home/cheonsh/Telescode/bench/bin/TelescodeScanner,18eaf26b8a689c81050929634f9f537f,/home/cheonsh/Telescode/bench/bin/TelescodeAlgo
pydata__xarray-5180,c54ec94a6e4c3276eac3e2bbea3c77a040d5674a,ok,,xarray/coding/times.py,154,1,1,0,1,1.0,1,1.82,921cbf6b4895944feb749dec66d2d0bb,/home/cheonsh/Telescode/bench/bin/TelescodeScanner,18eaf26b8a689c81050929634f9f537f,/home/cheonsh/Telescode/bench/bin/TelescodeAlgo
pydata__xarray-5187,b2351cbe3f3e92f0e242312dae5791fc83a4467a,ok,,xarray/core/dask_array_ops.py;xarray/core/dataarray.py;xarray/core/dataset.py;xarray/core/duck_array_ops.py;xarray/core/missing.py,154,5,5,0,5,1.0,5,1.82,921cbf6b4895944feb749dec66d2d0bb,/home/cheonsh/Telescode/bench/bin/TelescodeScanner,18eaf26b8a689c81050929634f9f537f,/home/cheonsh/Telescode/bench/bin/TelescodeAlgo
pydata__xarray-5233,2694046c748a51125de6d460073635f1d789958e,ok,,xarray/__init__.py;xarray/coding/calendar_ops.py;xarray/coding/cftime_offsets.py;xarray/coding/times.py;xarray/core/accessor_dt.py;xarray/core/dataarray.py;xarray/core/dataset.py,163,7,6,1,6,0.8571428571428571,6,1.79,921cbf6b4895944feb749dec66d2d0bb,/home/cheonsh/Telescode/bench/bin/TelescodeScanner,18eaf26b8a689c81050929634f9f537f,/home/cheonsh/Telescode/bench/bin/TelescodeAlgo
pydata__xarray-5362,bc41eb20ba96c4d6a4b5bf12f1749523f34fa321,ok,,xarray/core/weighted.py,154,1,1,0,1,1.0,1,1.81,921cbf6b4895944feb749dec66d2d0bb,/home/cheonsh/Telescode/bench/bin/TelescodeScanner,18eaf26b8a689c81050929634f9f537f,/home/cheonsh/Telescode/bench/bin/TelescodeAlgo
pydata__xarray-5365,3960ea3ba08f81d211899827612550f6ac2de804,ok,,xarray/__init__.py;xarray/core/computation.py,164,2,2,0,2,1.0,2,1.82,921cbf6b4895944feb749dec66d2d0bb,/home/cheonsh/Telescode/bench/bin/TelescodeScanner,18eaf26b8a689c81050929634f9f537f,/home/cheonsh/Telescode/bench/bin/TelescodeAlgo
pydata__xarray-5455,e87d65b77711bbf289e14dfa0581fb842247f1c2,ok,,xarray/backends/cfgrib_.py;xarray/backends/h5netcdf_.py;xarray/backends/netCDF4_.py;xarray/backends/plugins.py;xarray/backends/pseudonetcdf_.py;xarray/backends/pydap_.py;xarray/backends/pynio_.py;xarray/backends/scipy_.py;xarray/backends/store.py;xarray/backends/zarr.py,156,10,10,0,10,1.0,10,1.78,921cbf6b4895944feb749dec66d2d0bb,/home/cheonsh/Telescode/bench/bin/TelescodeScanner,18eaf26b8a689c81050929634f9f537f,/home/cheonsh/Telescode/bench/bin/TelescodeAlgo
pydata__xarray-5580,4bb9d9c6df77137f05e85c7cc6508fe7a93dc0e4,ok,,xarray/core/formatting.py,156,1,1,0,1,1.0,1,1.9,921cbf6b4895944feb749dec66d2d0bb,/home/cheonsh/Telescode/bench/bin/TelescodeScanner,18eaf26b8a689c81050929634f9f537f,/home/cheonsh/Telescode/bench/bin/TelescodeAlgo
pydata__xarray-5662,2694046c748a51125de6d460073635f1d789958e,ok,,xarray/core/formatting.py,163,1,1,0,1,1.0,1,1.9,921cbf6b4895944feb749dec66d2d0bb,/home/cheonsh/Telescode/bench/bin/TelescodeScanner,18eaf26b8a689c81050929634f9f537f,/home/cheonsh/Telescode/bench/bin/TelescodeAlgo
pydata__xarray-5682,2705c63e0c03a21d2bbce3a337fac60dd6f6da59,ok,,xarray/plot/utils.py,156,1,1,0,1,1.0,1,2.11,921cbf6b4895944feb749dec66d2d0bb,/home/cheonsh/Telescode/bench/bin/TelescodeScanner,18eaf26b8a689c81050929634f9f537f,/home/cheonsh/Telescode/bench/bin/TelescodeAlgo
pydata__xarray-5731,5db40465955a30acd601d0c3d7ceaebe34d28d11,ok,,xarray/core/computation.py;xarray/core/parallel.py;xarray/core/pycompat.py,164,3,3,0,3,1.0,3,1.82,921cbf6b4895944feb749dec66d2d0bb,/home/cheonsh/Telescode/bench/bin/TelescodeScanner,18eaf26b8a689c81050929634f9f537f,/home/cheonsh/Telescode/bench/bin/TelescodeAlgo
pydata__xarray-6135,48290fa14accd3ac87768d3f73d69493b82b0be6,ok,,xarray/coding/cftime_offsets.py;xarray/coding/cftimeindex.py,165,2,2,0,2,1.0,2,1.98,921cbf6b4895944feb749dec66d2d0bb,/home/cheonsh/Telescode/bench/bin/TelescodeScanner,18eaf26b8a689c81050929634f9f537f,/home/cheonsh/Telescode/bench/bin/TelescodeAlgo
pydata__xarray-6386,073512ed3f997c0589af97eaf3d4b20796b18cf8,ok,,xarray/core/groupby.py,165,1,1,0,1,1.0,1,2.02,921cbf6b4895944feb749dec66d2d0bb,/home/cheonsh/Telescode/bench/bin/TelescodeScanner,18eaf26b8a689c81050929634f9f537f,/home/cheonsh/Telescode/bench/bin/TelescodeAlgo
pydata__xarray-6394,c604ee1fe852d51560100df6af79b4c28660f6b5,ok,,xarray/core/groupby.py,165,1,1,0,1,1.0,1,1.96,921cbf6b4895944feb749dec66d2d0bb,/home/cheonsh/Telescode/bench/bin/TelescodeScanner,18eaf26b8a689c81050929634f9f537f,/home/cheonsh/Telescode/bench/bin/TelescodeAlgo
pydata__xarray-6400,728b648d5c7c3e22fe3704ba163012840408bf66,ok,,xarray/core/formatting.py;xarray/core/indexing.py;xarray/core/options.py,165,3,3,0,3,1.0,3,1.85,921cbf6b4895944feb749dec66d2d0bb,/home/cheonsh/Telescode/bench/bin/TelescodeScanner,18eaf26b8a689c81050929634f9f537f,/home/cheonsh/Telescode/bench/bin/TelescodeAlgo
pydata__xarray-6461,851dadeb0338403e5021c3fbe80cbc9127ee672d,ok,,xarray/core/computation.py,165,1,1,0,1,1.0,1,2.01,921cbf6b4895944feb749dec66d2d0bb,/home/cheonsh/Telescode/bench/bin/TelescodeScanner,18eaf26b8a689c81050929634f9f537f,/home/cheonsh/Telescode/bench/bin/TelescodeAlgo
pydata__xarray-6548,126051f2bf2ddb7926a7da11b047b852d5ca6b87,ok,,asv_bench/benchmarks/polyfit.py;xarray/core/computation.py,164,2,1,1,1,0.5,1,1.97,921cbf6b4895944feb749dec66d2d0bb,/home/cheonsh/Telescode/bench/bin/TelescodeScanner,18eaf26b8a689c81050929634f9f537f,/home/cheonsh/Telescode/bench/bin/TelescodeAlgo
pydata__xarray-6598,6bb2b855498b5c68d7cca8cceb710365d58e6048,ok,,xarray/coding/times.py,165,1,1,0,1,1.0,1,2.04,921cbf6b4895944feb749dec66d2d0bb,/home/cheonsh/Telescode/bench/bin/TelescodeScanner,18eaf26b8a689c81050929634f9f537f,/home/cheonsh/Telescode/bench/bin/TelescodeAlgo
pydata__xarray-6599,6bb2b855498b5c68d7cca8cceb710365d58e6048,ok,,xarray/core/computation.py,165,1,1,0,1,1.0,1,1.96,921cbf6b4895944feb749dec66d2d0bb,/home/cheonsh/Telescode/bench/bin/TelescodeScanner,18eaf26b8a689c81050929634f9f537f,/home/cheonsh/Telescode/bench/bin/TelescodeAlgo
pydata__xarray-6601,fc282d5979473a31529f09204d4811cfd7e5cd63,ok,,xarray/core/computation.py,165,1,1,0,1,1.0,1,2.18,921cbf6b4895944feb749dec66d2d0bb,/home/cheonsh/Telescode/bench/bin/TelescodeScanner,18eaf26b8a689c81050929634f9f537f,/home/cheonsh/Telescode/bench/bin/TelescodeAlgo
pydata__xarray-6721,cc183652bf6e1273e985e1c4b3cba79c896c1193,ok,,xarray/core/common.py,166,1,1,0,1,1.0,1,2.1,921cbf6b4895944feb749dec66d2d0bb,/home/cheonsh/Telescode/bench/bin/TelescodeScanner,18eaf26b8a689c81050929634f9f537f,/home/cheonsh/Telescode/bench/bin/TelescodeAlgo
pydata__xarray-6744,7cc6cc991e586a6158bb656b8001234ccda25407,ok,,xarray/core/rolling.py,167,1,1,0,1,1.0,1,2.15,921cbf6b4895944feb749dec66d2d0bb,/home/cheonsh/Telescode/bench/bin/TelescodeScanner,18eaf26b8a689c81050929634f9f537f,/home/cheonsh/Telescode/bench/bin/TelescodeAlgo
pydata__xarray-6798,9f8d47c8acfaa925b3499e824a0807d7f20424c7,ok,,xarray/core/coordinates.py;xarray/core/dataset.py;xarray/core/indexes.py,168,3,3,0,3,1.0,3,2.27,921cbf6b4895944feb749dec66d2d0bb,/home/cheonsh/Telescode/bench/bin/TelescodeScanner,18eaf26b8a689c81050929634f9f537f,/home/cheonsh/Telescode/bench/bin/TelescodeAlgo
pydata__xarray-6804,f045401ca79ecd1b80a0da67f44404c4e208fe31,ok,,xarray/core/duck_array_ops.py;xarray/core/indexing.py;xarray/core/utils.py;xarray/core/variable.py,167,4,4,0,4,1.0,4,2.05,921cbf6b4895944feb749dec66d2d0bb,/home/cheonsh/Telescode/bench/bin/TelescodeScanner,18eaf26b8a689c81050929634f9f537f,/home/cheonsh/Telescode/bench/bin/TelescodeAlgo
pydata__xarray-6823,a17a00f8f95195838e1d7360426454c8ed0570ea,ok,,xarray/core/common.py,168,1,1,0,1,1.0,1,2.24,921cbf6b4895944feb749dec66d2d0bb,/home/cheonsh/Telescode/bench/bin/TelescodeScanner,18eaf26b8a689c81050929634f9f537f,/home/cheonsh/Telescode/bench/bin/TelescodeAlgo
pydata__xarray-6857,434f9e8929942afc2380eab52a07e77d30cc7885,ok,,xarray/core/alignment.py,170,1,1,0,1,1.0,1,2.4,921cbf6b4895944feb749dec66d2d0bb,/home/cheonsh/Telescode/bench/bin/TelescodeScanner,18eaf26b8a689c81050929634f9f537f,/home/cheonsh/Telescode/bench/bin/TelescodeAlgo
pydata__xarray-6882,3c8ce0f4f6fd287bcd1bc3783d51d4ce5a6bc55d,ok,,xarray/coding/times.py,168,1,1,0,1,1.0,1,1.97,921cbf6b4895944feb749dec66d2d0bb,/home/cheonsh/Telescode/bench/bin/TelescodeScanner,18eaf26b8a689c81050929634f9f537f,/home/cheonsh/Telescode/bench/bin/TelescodeAlgo
pydata__xarray-6889,790a444b11c244fd2d33e2d2484a590f8fc000ff,ok,,xarray/core/concat.py,170,1,1,0,1,1.0,1,1.96,921cbf6b4895944feb749dec66d2d0bb,/home/cheonsh/Telescode/bench/bin/TelescodeScanner,18eaf26b8a689c81050929634f9f537f,/home/cheonsh/Telescode/bench/bin/TelescodeAlgo
pydata__xarray-6938,c4e40d991c28be51de9ac560ce895ac7f9b14924,ok,,xarray/core/dataset.py;xarray/core/variable.py,170,2,2,0,2,1.0,2,2.14,921cbf6b4895944feb749dec66d2d0bb,/home/cheonsh/Telescode/bench/bin/TelescodeScanner,18eaf26b8a689c81050929634f9f537f,/home/cheonsh/Telescode/bench/bin/TelescodeAlgo
pydata__xarray-6971,a042ae69c0444912f94bb4f29c93fa05046893ed,ok,,xarray/core/dataarray.py;xarray/core/dataset.py;xarray/core/indexes.py;xarray/indexes/__init__.py,169,4,3,1,3,0.75,3,2.17,921cbf6b4895944feb749dec66d2d0bb,/home/cheonsh/Telescode/bench/bin/TelescodeScanner,18eaf26b8a689c81050929634f9f537f,/home/cheonsh/Telescode/bench/bin/TelescodeAlgo
pydata__xarray-6992,45c0a114e2b7b27b83c9618bc05b36afac82183c,ok,,xarray/core/dataset.py;xarray/core/indexes.py,169,2,2,0,2,1.0,2,2.22,921cbf6b4895944feb749dec66d2d0bb,/home/cheonsh/Telescode/bench/bin/TelescodeScanner,18eaf26b8a689c81050929634f9f537f,/home/cheonsh/Telescode/bench/bin/TelescodeAlgo
pydata__xarray-6999,1f4be33365573da19a684dd7f2fc97ace5d28710,ok,,xarray/core/dataarray.py;xarray/core/dataset.py,169,2,2,0,2,1.0,2,2.0,921cbf6b4895944feb749dec66d2d0bb,/home/cheonsh/Telescode/bench/bin/TelescodeScanner,18eaf26b8a689c81050929634f9f537f,/home/cheonsh/Telescode/bench/bin/TelescodeAlgo
pydata__xarray-7003,5bec4662a7dd4330eca6412c477ca3f238323ed2,ok,,xarray/core/indexes.py,170,1,1,0,1,1.0,1,1.99,921cbf6b4895944feb749dec66d2d0bb,/home/cheonsh/Telescode/bench/bin/TelescodeScanner,18eaf26b8a689c81050929634f9f537f,/home/cheonsh/Telescode/bench/bin/TelescodeAlgo
pydata__xarray-7019,964d350a80fe21d4babf939c108986d5fd90a2cf,ok,,xarray/backends/api.py;xarray/backends/common.py;xarray/backends/plugins.py;xarray/backends/zarr.py;xarray/coding/strings.py;xarray/coding/variables.py;xarray/core/common.py;xarray/core/computation.py;xarray/core/dask_array_ops.py;xarray/core/daskmanager.py;xarray/core/dataarray.py;xarray/core/dataset.py;xarray/core/duck_array_ops.py;xarray/core/indexing.py;xarray/core/missing.py;xarray/core/nanops.py;xarray/core/parallelcompat.py;xarray/core/pycompat.py;xarray/core/rolling.py;xarray/core/types.py;xarray/core/utils.py;xarray/core/variable.py;xarray/core/weighted.py,171,23,21,2,21,0.9130434782608696,21,2.01,921cbf6b4895944feb749dec66d2d0bb,/home/cheonsh/Telescode/bench/bin/TelescodeScanner,18eaf26b8a689c81050929634f9f537f,/home/cheonsh/Telescode/bench/bin/TelescodeAlgo
pydata__xarray-7052,ddccd5c538220ab7b8fdab390c64e29be97ee00b,ok,,xarray/core/alignment.py;xarray/core/dataarray.py;xarray/core/dataset.py;xarray/core/pycompat.py;xarray/core/types.py;xarray/plot/__init__.py;xarray/plot/accessor.py;xarray/plot/dataarray_plot.py;xarray/plot/dataset_plot.py;xarray/plot/facetgrid.py;xarray/plot/plot.py;xarray/plot/utils.py,170,12,10,2,10,0.8333333333333334,10,2.21,921cbf6b4895944feb749dec66d2d0bb,/home/cheonsh/Telescode/bench/bin/TelescodeScanner,18eaf26b8a689c81050929634f9f537f,/home/cheonsh/Telescode/bench/bin/TelescodeAlgo
pydata__xarray-7089,6b2fdab82f22aa3754c80c8322f826f5ab1101a6,ok,,xarray/core/dataarray.py;xarray/core/dataset.py;xarray/core/indexes.py;xarray/core/variable.py,170,4,4,0,4,1.0,4,1.88,921cbf6b4895944feb749dec66d2d0bb,/home/cheonsh/Telescode/bench/bin/TelescodeScanner,18eaf26b8a689c81050929634f9f537f,/home/cheonsh/Telescode/bench/bin/TelescodeAlgo
pydata__xarray-7101,e678a1d7884a3c24dba22d41b2eef5d7fe5258e7,ok,,xarray/core/coordinates.py,170,1,1,0,1,1.0,1,1.93,921cbf6b4895944feb749dec66d2d0bb,/home/cheonsh/Telescode/bench/bin/TelescodeScanner,18eaf26b8a689c81050929634f9f537f,/home/cheonsh/Telescode/bench/bin/TelescodeAlgo
pydata__xarray-7105,50ea159bfd0872635ebf4281e741f3c87f0bef6b,ok,,xarray/core/alignment.py;xarray/core/dataarray.py;xarray/core/groupby.py;xarray/core/indexes.py;xarray/core/indexing.py;xarray/core/utils.py;xarray/core/variable.py,170,7,7,0,7,1.0,7,1.78,921cbf6b4895944feb749dec66d2d0bb,/home/cheonsh/Telescode/bench/bin/TelescodeScanner,18eaf26b8a689c81050929634f9f537f,/home/cheonsh/Telescode/bench/bin/TelescodeAlgo
pydata__xarray-7112,114bf98719f31a653f2ef7bc7fcdfaf010eb3612,ok,,xarray/core/dataarray.py;xarray/core/dataset.py;xarray/core/formatting.py;xarray/core/utils.py;xarray/core/variable.py,170,5,5,0,5,1.0,5,1.78,921cbf6b4895944feb749dec66d2d0bb,/home/cheonsh/Telescode/bench/bin/TelescodeScanner,18eaf26b8a689c81050929634f9f537f,/home/cheonsh/Telescode/bench/bin/TelescodeAlgo
pydata__xarray-7120,58ab594aa4315e75281569902e29c8c69834151f,ok,,xarray/core/dataset.py,170,1,1,0,1,1.0,1,1.78,921cbf6b4895944feb749dec66d2d0bb,/home/cheonsh/Telescode/bench/bin/TelescodeScanner,18eaf26b8a689c81050929634f9f537f,/home/cheonsh/Telescode/bench/bin/TelescodeAlgo
pydata__xarray-7147,9f390f50718ee94237084cbc1badb66f9a8083d6,ok,,xarray/conventions.py,170,1,1,0,1,1.0,1,1.81,921cbf6b4895944feb749dec66d2d0bb,/home/cheonsh/Telescode/bench/bin/TelescodeScanner,18eaf26b8a689c81050929634f9f537f,/home/cheonsh/Telescode/bench/bin/TelescodeAlgo
pydata__xarray-7150,f93b467db5e35ca94fefa518c32ee9bf93232475,ok,,xarray/backends/api.py,170,1,1,0,1,1.0,1,1.84,921cbf6b4895944feb749dec66d2d0bb,/home/cheonsh/Telescode/bench/bin/TelescodeScanner,18eaf26b8a689c81050929634f9f537f,/home/cheonsh/Telescode/bench/bin/TelescodeAlgo
pydata__xarray-7179,076bd8e15f04878d7b97100fb29177697018138f,ok,,asv_bench/benchmarks/import.py;xarray/backends/cfgrib_.py;xarray/backends/common.py;xarray/backends/h5netcdf_.py;xarray/backends/netCDF4_.py;xarray/backends/pseudonetcdf_.py;xarray/backends/pydap_.py;xarray/backends/pynio_.py;xarray/backends/scipy_.py;xarray/backends/zarr.py;xarray/convert.py;xarray/core/_aggregations.py;xarray/core/dataset.py;xarray/core/duck_array_ops.py;xarray/core/formatting.py;xarray/core/indexing.py;xarray/core/missing.py;xarray/core/parallel.py;xarray/core/pycompat.py;xarray/core/utils.py;xarray/core/variable.py;xarray/plot/utils.py;xarray/util/generate_aggregations.py,172,23,23,0,23,1.0,23,1.8,921cbf6b4895944feb749dec66d2d0bb,/home/cheonsh/Telescode/bench/bin/TelescodeScanner,18eaf26b8a689c81050929634f9f537f,/home/cheonsh/Telescode/bench/bin/TelescodeAlgo
pydata__xarray-7203,9951491e0b849834c369de522de2df8172a2e298,ok,,xarray/core/formatting.py,172,1,1,0,1,1.0,1,1.78,921cbf6b4895944feb749dec66d2d0bb,/home/cheonsh/Telescode/bench/bin/TelescodeScanner,18eaf26b8a689c81050929634f9f537f,/home/cheonsh/Telescode/bench/bin/TelescodeAlgo
pydata__xarray-7229,3aa75c8d00a4a2d4acf10d80f76b937cadb666b7,ok,,xarray/core/computation.py,173,1,1,0,1,1.0,1,1.87,921cbf6b4895944feb749dec66d2d0bb,/home/cheonsh/Telescode/bench/bin/TelescodeScanner,18eaf26b8a689c81050929634f9f537f,/home/cheonsh/Telescode/bench/bin/TelescodeAlgo
pydata__xarray-7233,51d37d1be95547059251076b3fadaa317750aab3,ok,,xarray/core/rolling.py,173,1,1,0,1,1.0,1,1.8,921cbf6b4895944feb749dec66d2d0bb,/home/cheonsh/Telescode/bench/bin/TelescodeScanner,18eaf26b8a689c81050929634f9f537f,/home/cheonsh/Telescode/bench/bin/TelescodeAlgo
pydata__xarray-7347,92e7cb5b21a6dee7f7333c66e41233205c543bc1,ok,,xarray/core/merge.py,174,1,1,0,1,1.0,1,1.87,921cbf6b4895944feb749dec66d2d0bb,/home/cheonsh/Telescode/bench/bin/TelescodeScanner,18eaf26b8a689c81050929634f9f537f,/home/cheonsh/Telescode/bench/bin/TelescodeAlgo
pydata__xarray-7391,f128f248f87fe0442c9b213c2772ea90f91d168b,ok,,xarray/core/dataset.py,174,1,1,0,1,1.0,1,1.89,921cbf6b4895944feb749dec66d2d0bb,/home/cheonsh/Telescode/bench/bin/TelescodeScanner,18eaf26b8a689c81050929634f9f537f,/home/cheonsh/Telescode/bench/bin/TelescodeAlgo
pydata__xarray-7393,41fef6f1352be994cd90056d47440fe9aa4c068f,ok,,xarray/core/indexing.py,174,1,1,0,1,1.0,1,1.85,921cbf6b4895944feb749dec66d2d0bb,/home/cheonsh/Telescode/bench/bin/TelescodeScanner,18eaf26b8a689c81050929634f9f537f,/home/cheonsh/Telescode/bench/bin/TelescodeAlgo
pydata__xarray-7400,b21f62ee37eea3650a58e9ffa3a7c9f4ae83006b,ok,,xarray/core/concat.py,174,1,1,0,1,1.0,1,1.78,921cbf6b4895944feb749dec66d2d0bb,/home/cheonsh/Telescode/bench/bin/TelescodeScanner,18eaf26b8a689c81050929634f9f537f,/home/cheonsh/Telescode/bench/bin/TelescodeAlgo
pydata__xarray-7444,821dc24b5f3ed91b843a634bf8513a26046269ef,ok,,xarray/core/common.py;xarray/core/groupby.py;xarray/core/pdcompat.py;xarray/core/resample_cftime.py,174,4,4,0,4,1.0,4,1.88,921cbf6b4895944feb749dec66d2d0bb,/home/cheonsh/Telescode/bench/bin/TelescodeScanner,18eaf26b8a689c81050929634f9f537f,/home/cheonsh/Telescode/bench/bin/TelescodeAlgo
pytest-dev__pytest-10051,aa55975c7d3f6c9f6d7f68accc41bb7cadf0eb9a,ok,,src/_pytest/logging.py,245,1,1,0,1,1.0,1,1.06,921cbf6b4895944feb749dec66d2d0bb,/home/cheonsh/Telescode/bench/bin/TelescodeScanner,18eaf26b8a689c81050929634f9f537f,/home/cheonsh/Telescode/bench/bin/TelescodeAlgo
pytest-dev__pytest-10081,da9a2b584eb7a6c7e924b2621ed0ddaeca0a7bea,ok,,src/_pytest/unittest.py,245,1,1,0,1,1.0,1,1.09,921cbf6b4895944feb749dec66d2d0bb,/home/cheonsh/Telescode/bench/bin/TelescodeScanner,18eaf26b8a689c81050929634f9f537f,/home/cheonsh/Telescode/bench/bin/TelescodeAlgo
pytest-dev__pytest-10115,966d4fb3e4640de721f87e4190427975ea020c67,ok,,src/_pytest/assertion/rewrite.py,245,1,1,0,1,1.0,1,1.05,921cbf6b4895944feb749dec66d2d0bb,/home/cheonsh/Telescode/bench/bin/TelescodeScanner,18eaf26b8a689c81050929634f9f537f,/home/cheonsh/Telescode/bench/bin/TelescodeAlgo
pytest-dev__pytest-10343,2be1b8f3559570c456f4bf64fea8067e368dcdfd,ok,,src/_pytest/warning_types.py,244,1,1,0,1,1.0,1,1.07,921cbf6b4895944feb749dec66d2d0bb,/home/cheonsh/Telescode/bench/bin/TelescodeScanner,18eaf26b8a689c81050929634f9f537f,/home/cheonsh/Telescode/bench/bin/TelescodeAlgo
pytest-dev__pytest-10356,3c1534944cbd34e8a41bc9e76818018fadefc9a1,ok,,src/_pytest/mark/structures.py,244,1,1,0,1,1.0,1,1.07,921cbf6b4895944feb749dec66d2d0bb,/home/cheonsh/Telescode/bench/bin/TelescodeScanner,18eaf26b8a689c81050929634f9f537f,/home/cheonsh/Telescode/bench/bin/TelescodeAlgo
pytest-dev__pytest-10371,bc2c3b66aa084fa4ff64f836aee73eae4cb72818,ok,,src/_pytest/logging.py,249,1,1,0,1,1.0,1,1.15,921cbf6b4895944feb749dec66d2d0bb,/home/cheonsh/Telescode/bench/bin/TelescodeScanner,18eaf26b8a689c81050929634f9f537f,/home/cheonsh/Telescode/bench/bin/TelescodeAlgo
pytest-dev__pytest-10442,646a46e5f4b1f1ae5a06dcbc91fcdebfc235a28a,ok,,src/_pytest/pathlib.py;src/_pytest/tmpdir.py,249,2,2,0,2,1.0,2,1.16,921cbf6b4895944feb749dec66d2d0bb,/home/cheonsh/Telescode/bench/bin/TelescodeScanner,18eaf26b8a689c81050929634f9f537f,/home/cheonsh/Telescode/bench/bin/TelescodeAlgo
pytest-dev__pytest-10482,54d5a63d1485110015665ece1065982407394517,ok,,src/_pytest/fixtures.py,249,1,1,0,1,1.0,1,1.11,921cbf6b4895944feb749dec66d2d0bb,/home/cheonsh/Telescode/bench/bin/TelescodeScanner,18eaf26b8a689c81050929634f9f537f,/home/cheonsh/Telescode/bench/bin/TelescodeAlgo
pytest-dev__pytest-10552,314e623304f32e7e9e31c49d63e58bc73b54dcd0,ok,,src/_pytest/python.py,249,1,1,0,1,1.0,1,1.19,921cbf6b4895944feb749dec66d2d0bb,/home/cheonsh/Telescode/bench/bin/TelescodeScanner,18eaf26b8a689c81050929634f9f537f,/home/cheonsh/Telescode/bench/bin/TelescodeAlgo
pytest-dev__pytest-10624,7421f3bb94df80ff2d131e932223b190f9b6d7b6,ok,,src/_pytest/python_api.py,249,1,1,0,1,1.0,1,1.26,921cbf6b4895944feb749dec66d2d0bb,/home/cheonsh/Telescode/bench/bin/TelescodeScanner,18eaf26b8a689c81050929634f9f537f,/home/cheonsh/Telescode/bench/bin/TelescodeAlgo
pytest-dev__pytest-10758,d5dda84ef346b83e0b634a92e00c62a8a10e0061,ok,,src/_pytest/assertion/rewrite.py,249,1,1,0,1,1.0,1,1.16,921cbf6b4895944feb749dec66d2d0bb,/home/cheonsh/Telescode/bench/bin/TelescodeScanner,18eaf26b8a689c81050929634f9f537f,/home/cheonsh/Telescode/bench/bin/TelescodeAlgo
pytest-dev__pytest-10893,22524046cff84c66f128da9e3cdb993082445c75,ok,,src/_pytest/pathlib.py;src/_pytest/unittest.py,250,2,2,0,2,1.0,2,1.2,921cbf6b4895944feb749dec66d2d0bb,/home/cheonsh/Telescode/bench/bin/TelescodeScanner,18eaf26b8a689c81050929634f9f537f,/home/cheonsh/Telescode/bench/bin/TelescodeAlgo
pytest-dev__pytest-10988,78403237cf5026f23618ea7a867bf8b674116e6f,ok,,src/_pytest/config/__init__.py,249,1,1,0,1,1.0,1,1.15,921cbf6b4895944feb749dec66d2d0bb,/home/cheonsh/Telescode/bench/bin/TelescodeScanner,18eaf26b8a689c81050929634f9f537f,/home/cheonsh/Telescode/bench/bin/TelescodeAlgo
pytest-dev__pytest-11041,fbfd4b50050080413c8faca5368b9cb9b1ac9313,ok,,src/_pytest/assertion/rewrite.py,249,1,1,0,1,1.0,1,1.24,921cbf6b4895944feb749dec66d2d0bb,/home/cheonsh/Telescode/bench/bin/TelescodeScanner,18eaf26b8a689c81050929634f9f537f,/home/cheonsh/Telescode/bench/bin/TelescodeAlgo
pytest-dev__pytest-11044,4f3f36c396b52f8398bc4734ff0c00c57cf1fed1,ok,,src/_pytest/config/__init__.py,249,1,1,0,1,1.0,1,1.22,921cbf6b4895944feb749dec66d2d0bb,/home/cheonsh/Telescode/bench/bin/TelescodeScanner,18eaf26b8a689c81050929634f9f537f,/home/cheonsh/Telescode/bench/bin/TelescodeAlgo
pytest-dev__pytest-11047,fbfd4b50050080413c8faca5368b9cb9b1ac9313,ok,,src/_pytest/logging.py,249,1,1,0,1,1.0,1,1.21,921cbf6b4895944feb749dec66d2d0bb,/home/cheonsh/Telescode/bench/bin/TelescodeScanner,18eaf26b8a689c81050929634f9f537f,/home/cheonsh/Telescode/bench/bin/TelescodeAlgo
pytest-dev__pytest-11125,797b924fc44189d0b9c2ad905410f0bd89461ab7,ok,,src/_pytest/config/__init__.py,249,1,1,0,1,1.0,1,1.22,921cbf6b4895944feb749dec66d2d0bb,/home/cheonsh/Telescode/bench/bin/TelescodeScanner,18eaf26b8a689c81050929634f9f537f,/home/cheonsh/Telescode/bench/bin/TelescodeAlgo
pytest-dev__pytest-11143,6995257cf470d2143ad1683824962de4071c0eb7,ok,,src/_pytest/assertion/rewrite.py,249,1,1,0,1,1.0,1,1.15,921cbf6b4895944feb749dec66d2d0bb,/home/cheonsh/Telescode/bench/bin/TelescodeScanner,18eaf26b8a689c81050929634f9f537f,/home/cheonsh/Telescode/bench/bin/TelescodeAlgo
pytest-dev__pytest-11148,2f7415cfbc4b6ca62f9013f1abd27136f46b9653,ok,,src/_pytest/pathlib.py,249,1,1,0,1,1.0,1,1.19,921cbf6b4895944feb749dec66d2d0bb,/home/cheonsh/Telescode/bench/bin/TelescodeScanner,18eaf26b8a689c81050929634f9f537f,/home/cheonsh/Telescode/bench/bin/TelescodeAlgo
pytest-dev__pytest-11160,6995257cf470d2143ad1683824962de4071c0eb7,ok,,src/_pytest/recwarn.py,249,1,1,0,1,1.0,1,1.18,921cbf6b4895944feb749dec66d2d0bb,/home/cheonsh/Telescode/bench/bin/TelescodeScanner,18eaf26b8a689c81050929634f9f537f,/home/cheonsh/Telescode/bench/bin/TelescodeAlgo
pytest-dev__pytest-11178,97ed533f63d5780a05702a711555cb6744247a37,ok,,src/_pytest/python_api.py,249,1,1,0,1,1.0,1,1.14,921cbf6b4895944feb749dec66d2d0bb,/home/cheonsh/Telescode/bench/bin/TelescodeScanner,18eaf26b8a689c81050929634f9f537f,/home/cheonsh/Telescode/bench/bin/TelescodeAlgo
pytest-dev__pytest-11217,bf451d47a1b3be80a7f89b3076e4816c47390037,ok,,src/_pytest/fixtures.py,249,1,1,0,1,1.0,1,1.23,921cbf6b4895944feb749dec66d2d0bb,/home/cheonsh/Telescode/bench/bin/TelescodeScanner,18eaf26b8a689c81050929634f9f537f,/home/cheonsh/Telescode/bench/bin/TelescodeAlgo
pytest-dev__pytest-5103,10ca84ffc56c2dd2d9dc4bd71b7b898e083500cd,ok,,src/_pytest/assertion/rewrite.py,198,1,1,0,1,1.0,1,0.89,921cbf6b4895944feb749dec66d2d0bb,/home/cheonsh/Telescode/bench/bin/TelescodeScanner,18eaf26b8a689c81050929634f9f537f,/home/cheonsh/Telescode/bench/bin/TelescodeAlgo
pytest-dev__pytest-5205,3a4a815c41badd1a6bac958aa18ddeb0c16cd202,ok,,src/_pytest/junitxml.py,198,1,1,0,1,1.0,1,0.86,921cbf6b4895944feb749dec66d2d0bb,/home/cheonsh/Telescode/bench/bin/TelescodeScanner,18eaf26b8a689c81050929634f9f537f,/home/cheonsh/Telescode/bench/bin/TelescodeAlgo
pytest-dev__pytest-5221,4a2fdce62b73944030cff9b3e52862868ca9584d,ok,,src/_pytest/python.py,198,1,1,0,1,1.0,1,0.87,921cbf6b4895944feb749dec66d2d0bb,/home/cheonsh/Telescode/bench/bin/TelescodeScanner,18eaf26b8a689c81050929634f9f537f,/home/cheonsh/Telescode/bench/bin/TelescodeAlgo
pytest-dev__pytest-5227,2051e30b9b596e944524ccb787ed20f9f5be93e3,ok,,src/_pytest/logging.py,198,1,1,0,1,1.0,1,0.87,921cbf6b4895944feb749dec66d2d0bb,/home/cheonsh/Telescode/bench/bin/TelescodeScanner,18eaf26b8a689c81050929634f9f537f,/home/cheonsh/Telescode/bench/bin/TelescodeAlgo
pytest-dev__pytest-5254,654d8da9f7ffd7a88e02ae2081ffcb2ca2e765b3,ok,,src/_pytest/fixtures.py;src/_pytest/mark/structures.py,198,2,2,0,2,1.0,2,0.89,921cbf6b4895944feb749dec66d2d0bb,/home/cheonsh/Telescode/bench/bin/TelescodeScanner,18eaf26b8a689c81050929634f9f537f,/home/cheonsh/Telescode/bench/bin/TelescodeAlgo
pytest-dev__pytest-5262,58e6a09db49f34886ff13f3b7520dd0bcd7063cd,ok,,src/_pytest/capture.py,198,1,1,0,1,1.0,1,0.93,921cbf6b4895944feb749dec66d2d0bb,/home/cheonsh/Telescode/bench/bin/TelescodeScanner,18eaf26b8a689c81050929634f9f537f,/home/cheonsh/Telescode/bench/bin/TelescodeAlgo
pytest-dev__pytest-5281,c0e53a61e65cb919bd29f62b756dfd57dfeef59a,ok,,src/_pytest/capture.py;src/_pytest/terminal.py,198,2,2,0,2,1.0,2,0.88,921cbf6b4895944feb749dec66d2d0bb,/home/cheonsh/Telescode/bench/bin/TelescodeScanner,18eaf26b8a689c81050929634f9f537f,/home/cheonsh/Telescode/bench/bin/TelescodeAlgo
pytest-dev__pytest-5356,a8f4e56d8ca63252706c6200dcfb036078be39a7,ok,,src/_pytest/mark/structures.py,198,1,1,0,1,1.0,1,0.88,921cbf6b4895944feb749dec66d2d0bb,/home/cheonsh/Telescode/bench/bin/TelescodeScanner,18eaf26b8a689c81050929634f9f537f,/home/cheonsh/Telescode/bench/bin/TelescodeAlgo
pytest-dev__pytest-5404,40c5a9d9f2a37631812395ecf356f5c957f092b9,ok,,src/_pytest/doctest.py,197,1,1,0,1,1.0,1,0.83,921cbf6b4895944feb749dec66d2d0bb,/home/cheonsh/Telescode/bench/bin/TelescodeScanner,18eaf26b8a689c81050929634f9f537f,/home/cheonsh/Telescode/bench/bin/TelescodeAlgo
pytest-dev__pytest-5413,450d2646233c670654744d3d24330b69895bb9d2,ok,,src/_pytest/_code/code.py,197,1,1,0,1,1.0,1,0.84,921cbf6b4895944feb749dec66d2d0bb,/home/cheonsh/Telescode/bench/bin/TelescodeScanner,18eaf26b8a689c81050929634f9f537f,/home/cheonsh/Telescode/bench/bin/TelescodeAlgo
pytest-dev__pytest-5479,2301fa61dee4e3724efdfd8cbf3a93af143aef4c,ok,,src/_pytest/_code/code.py,198,1,1,0,1,1.0,1,0.87,921cbf6b4895944feb749dec66d2d0bb,/home/cheonsh/Telescode/bench/bin/TelescodeScanner,18eaf26b8a689c81050929634f9f537f,/home/cheonsh/Telescode/bench/bin/TelescodeAlgo
pytest-dev__pytest-5495,1aefb24b37c30fba8fd79a744829ca16e252f340,ok,,src/_pytest/assertion/util.py,200,1,1,0,1,1.0,1,0.8,921cbf6b4895944feb749dec66d2d0bb,/home/cheonsh/Telescode/bench/bin/TelescodeScanner,18eaf26b8a689c81050929634f9f537f,/home/cheonsh/Telescode/bench/bin/TelescodeAlgo
pytest-dev__pytest-5550,60a358fa2dc82a571c68d1be2d25703b51351538,ok,,src/_pytest/junitxml.py,200,1,1,0,1,1.0,1,0.88,921cbf6b4895944feb749dec66d2d0bb,/home/cheonsh/Telescode/bench/bin/TelescodeScanner,18eaf26b8a689c81050929634f9f537f,/home/cheonsh/Telescode/bench/bin/TelescodeAlgo
pytest-dev__pytest-5555,95824c588a333c54780e6ea82393488b6a6a81d4,ok,,src/_pytest/stepwise.py,200,1,1,0,1,1.0,1,0.84,921cbf6b4895944feb749dec66d2d0bb,/home/cheonsh/Telescode/bench/bin/TelescodeScanner,18eaf26b8a689c81050929634f9f537f,/home/cheonsh/Telescode/bench/bin/TelescodeAlgo
pytest-dev__pytest-5559,60a358fa2dc82a571c68d1be2d25703b51351538,ok,,doc/en/example/nonpython/conftest.py;src/_pytest/_code/code.py;src/_pytest/stepwise.py,200,3,3,0,3,1.0,3,0.85,921cbf6b4895944feb749dec66d2d0bb,/home/cheonsh/Telescode/bench/bin/TelescodeScanner,18eaf26b8a689c81050929634f9f537f,/home/cheonsh/Telescode/bench/bin/TelescodeAlgo
pytest-dev__pytest-5631,cb828ebe70b4fa35cd5f9a7ee024272237eab351,ok,,src/_pytest/compat.py,201,1,1,0,1,1.0,1,0.89,921cbf6b4895944feb749dec66d2d0bb,/home/cheonsh/Telescode/bench/bin/TelescodeScanner,18eaf26b8a689c81050929634f9f537f,/home/cheonsh/Telescode/bench/bin/TelescodeAlgo
pytest-dev__pytest-5692,29e336bd9bf87eaef8e2683196ee1975f1ad4088,ok,,src/_pytest/junitxml.py,201,1,1,0,1,1.0,1,0.86,921cbf6b4895944feb749dec66d2d0bb,/home/cheonsh/Telescode/bench/bin/TelescodeScanner,18eaf26b8a689c81050929634f9f537f,/home/cheonsh/Telescode/bench/bin/TelescodeAlgo
pytest-dev__pytest-5787,955e54221008aba577ecbaefa15679f6777d3bf8,ok,,src/_pytest/reports.py,202,1,1,0,1,1.0,1,0.85,921cbf6b4895944feb749dec66d2d0bb,/home/cheonsh/Telescode/bench/bin/TelescodeScanner,18eaf26b8a689c81050929634f9f537f,/home/cheonsh/Telescode/bench/bin/TelescodeAlgo
pytest-dev__pytest-5808,404cf0c872880f2aac8214bb490b26c9a659548e,ok,,src/_pytest/pastebin.py,202,1,1,0,1,1.0,1,0.85,921cbf6b4895944feb749dec66d2d0bb,/home/cheonsh/Telescode/bench/bin/TelescodeScanner,18eaf26b8a689c81050929634f9f537f,/home/cheonsh/Telescode/bench/bin/TelescodeAlgo
pytest-dev__pytest-5809,8aba863a634f40560e25055d179220f0eefabe9a,ok,,src/_pytest/pastebin.py,199,1,1,0,1,1.0,1,0.89,921cbf6b4895944feb749dec66d2d0bb,/home/cheonsh/Telescode/bench/bin/TelescodeScanner,18eaf26b8a689c81050929634f9f537f,/home/cheonsh/Telescode/bench/bin/TelescodeAlgo
pytest-dev__pytest-5840,73c5b7f4b11a81e971f7d1bb18072e06a87060f4,ok,,src/_pytest/config/__init__.py;src/_pytest/pathlib.py,202,2,2,0,2,1.0,2,0.84,921cbf6b4895944feb749dec66d2d0bb,/home/cheonsh/Telescode/bench/bin/TelescodeScanner,18eaf26b8a689c81050929634f9f537f,/home/cheonsh/Telescode/bench/bin/TelescodeAlgo
pytest-dev__pytest-5980,0225cb37c02b6760c8b1d0efcf3728f669bbfe17,ok,,src/_pytest/config/__init__.py;src/_pytest/hookspec.py;src/_pytest/report_log.py;src/_pytest/reports.py,203,4,3,1,3,0.75,3,0.85,921cbf6b4895944feb749dec66d2d0bb,/home/cheonsh/Telescode/bench/bin/TelescodeScanner,18eaf26b8a689c81050929634f9f537f,/home/cheonsh/Telescode/bench/bin/TelescodeAlgo
pytest-dev__pytest-6116,e670ff76cbad80108bde9bab616b66771b8653cf,ok,,src/_pytest/main.py,205,1,1,0,1,1.0,1,0.9,921cbf6b4895944feb749dec66d2d0bb,/home/cheonsh/Telescode/bench/bin/TelescodeScanner,18eaf26b8a689c81050929634f9f537f,/home/cheonsh/Telescode/bench/bin/TelescodeAlgo
pytest-dev__pytest-6186,f91bf48a40da5ee7f7c2a3c71ee56d854d35e983,ok,,src/_pytest/deprecated.py;src/_pytest/junitxml.py,205,2,2,0,2,1.0,2,0.87,921cbf6b4895944feb749dec66d2d0bb,/home/cheonsh/Telescode/bench/bin/TelescodeScanner,18eaf26b8a689c81050929634f9f537f,/home/cheonsh/Telescode/bench/bin/TelescodeAlgo
pytest-dev__pytest-6197,e856638ba086fcf5bebf1bebea32d5cf78de87b4,ok,,src/_pytest/python.py,203,1,1,0,1,1.0,1,0.85,921cbf6b4895944feb749dec66d2d0bb,/home/cheonsh/Telescode/bench/bin/TelescodeScanner,18eaf26b8a689c81050929634f9f537f,/home/cheonsh/Telescode/bench/bin/TelescodeAlgo
pytest-dev__pytest-6202,3a668ea6ff24b0c8f00498c3144c63bac561d925,ok,,src/_pytest/python.py,203,1,1,0,1,1.0,1,0.9,921cbf6b4895944feb749dec66d2d0bb,/home/cheonsh/Telescode/bench/bin/TelescodeScanner,18eaf26b8a689c81050929634f9f537f,/home/cheonsh/Telescode/bench/bin/TelescodeAlgo
pytest-dev__pytest-6214,f24f20a46e0efd8b375ab3457e9f6864e59979e5,ok,,src/_pytest/setupplan.py,203,1,1,0,1,1.0,1,0.88,921cbf6b4895944feb749dec66d2d0bb,/home/cheonsh/Telescode/bench/bin/TelescodeScanner,18eaf26b8a689c81050929634f9f537f,/home/cheonsh/Telescode/bench/bin/TelescodeAlgo
pytest-dev__pytest-6283,6df0b9c41a30c39d4e9c5b560f1b50700a175a61,ok,,src/_pytest/logging.py,209,1,1,0,1,1.0,1,1.02,921cbf6b4895944feb749dec66d2d0bb,/home/cheonsh/Telescode/bench/bin/TelescodeScanner,18eaf26b8a689c81050929634f9f537f,/home/cheonsh/Telescode/bench/bin/TelescodeAlgo
pytest-dev__pytest-6323,e8c8559efa2461104ac748c66d75764ff5c90a29,ok,,src/_pytest/tmpdir.py,202,1,1,0,1,1.0,1,0.91,921cbf6b4895944feb749dec66d2d0bb,/home/cheonsh/Telescode/bench/bin/TelescodeScanner,18eaf26b8a689c81050929634f9f537f,/home/cheonsh/Telescode/bench/bin/TelescodeAlgo
pytest-dev__pytest-6368,197c99634551401d7e39be04fdae53350c9cf198,ok,,src/_pytest/config/__init__.py,199,1,1,0,1,1.0,1,0.89,921cbf6b4895944feb749dec66d2d0bb,/home/cheonsh/Telescode/bench/bin/TelescodeScanner,18eaf26b8a689c81050929634f9f537f,/home/cheonsh/Telescode/bench/bin/TelescodeAlgo
pytest-dev__pytest-6680,194b52145b98fda8ad1c62ebacf96b9e2916309c,ok,,src/_pytest/deprecated.py,203,1,1,0,1,1.0,1,0.94,921cbf6b4895944feb749dec66d2d0bb,/home/cheonsh/Telescode/bench/bin/TelescodeScanner,18eaf26b8a689c81050929634f9f537f,/home/cheonsh/Telescode/bench/bin/TelescodeAlgo
pytest-dev__pytest-6926,c26bbdfaf027d031e694227a2e3414108d17f1a8,ok,,src/_pytest/capture.py,203,1,1,0,1,1.0,1,0.93,921cbf6b4895944feb749dec66d2d0bb,/home/cheonsh/Telescode/bench/bin/TelescodeScanner,18eaf26b8a689c81050929634f9f537f,/home/cheonsh/Telescode/bench/bin/TelescodeAlgo
pytest-dev__pytest-7046,d4dfe863c974654fe333eb8368922c96175ede6c,ok,,src/_pytest/mark/__init__.py;src/_pytest/python.py,209,2,2,0,2,1.0,2,0.93,921cbf6b4895944feb749dec66d2d0bb,/home/cheonsh/Telescode/bench/bin/TelescodeScanner,18eaf26b8a689c81050929634f9f537f,/home/cheonsh/Telescode/bench/bin/TelescodeAlgo
pytest-dev__pytest-7122,be68496440508b760ba1f988bcc63d1d09ace206,ok,,src/_pytest/mark/expression.py;src/_pytest/mark/legacy.py,205,2,1,1,1,0.5,1,0.92,921cbf6b4895944feb749dec66d2d0bb,/home/cheonsh/Telescode/bench/bin/TelescodeScanner,18eaf26b8a689c81050929634f9f537f,/home/cheonsh/Telescode/bench/bin/TelescodeAlgo
pytest-dev__pytest-7151,2b51ed46d54be58da6bbcd28f68149b3fc2cd104,ok,,src/_pytest/debugging.py;src/_pytest/unittest.py,206,2,2,0,2,1.0,2,0.92,921cbf6b4895944feb749dec66d2d0bb,/home/cheonsh/Telescode/bench/bin/TelescodeScanner,18eaf26b8a689c81050929634f9f537f,/home/cheonsh/Telescode/bench/bin/TelescodeAlgo
pytest-dev__pytest-7158,80e509840813cb5da45fbe830718ea3707c02b25,ok,,src/_pytest/skipping.py,206,1,1,0,1,1.0,1,0.92,921cbf6b4895944feb749dec66d2d0bb,/home/cheonsh/Telescode/bench/bin/TelescodeScanner,18eaf26b8a689c81050929634f9f537f,/home/cheonsh/Telescode/bench/bin/TelescodeAlgo
pytest-dev__pytest-7168,4787fd64a4ca0dba5528b5651bddd254102fe9f3,ok,,src/_pytest/_io/saferepr.py,207,1,1,0,1,1.0,1,0.98,921cbf6b4895944feb749dec66d2d0bb,/home/cheonsh/Telescode/bench/bin/TelescodeScanner,18eaf26b8a689c81050929634f9f537f,/home/cheonsh/Telescode/bench/bin/TelescodeAlgo
pytest-dev__pytest-7186,de556f895febd89d14db0a0828e5c8555c75f44e,ok,,src/_pytest/doctest.py,210,1,1,0,1,1.0,1,0.95,921cbf6b4895944feb749dec66d2d0bb,/home/cheonsh/Telescode/bench/bin/TelescodeScanner,18eaf26b8a689c81050929634f9f537f,/home/cheonsh/Telescode/bench/bin/TelescodeAlgo
pytest-dev__pytest-7205,5e7f1ab4bf58e473e5d7f878eb2b499d7deabd29,ok,,src/_pytest/setuponly.py,210,1,1,0,1,1.0,1,0.91,921cbf6b4895944feb749dec66d2d0bb,/home/cheonsh/Telescode/bench/bin/TelescodeScanner,18eaf26b8a689c81050929634f9f537f,/home/cheonsh/Telescode/bench/bin/TelescodeAlgo
pytest-dev__pytest-7220,56bf819c2f4eaf8b36bd8c42c06bb59d5a3bfc0f,ok,,src/_pytest/nodes.py,209,1,1,0,1,1.0,1,0.96,921cbf6b4895944feb749dec66d2d0bb,/home/cheonsh/Telescode/bench/bin/TelescodeScanner,18eaf26b8a689c81050929634f9f537f,/home/cheonsh/Telescode/bench/bin/TelescodeAlgo
pytest-dev__pytest-7231,85a06cfafbe49f2c56e22cef4fa88adcf7b54f59,ok,,src/_pytest/logging.py,209,1,1,0,1,1.0,1,0.92,921cbf6b4895944feb749dec66d2d0bb,/home/cheonsh/Telescode/bench/bin/TelescodeScanner,18eaf26b8a689c81050929634f9f537f,/home/cheonsh/Telescode/bench/bin/TelescodeAlgo
pytest-dev__pytest-7236,c98bc4cd3d687fe9b392d8eecd905627191d4f06,ok,,src/_pytest/unittest.py,209,1,1,0,1,1.0,1,0.98,921cbf6b4895944feb749dec66d2d0bb,/home/cheonsh/Telescode/bench/bin/TelescodeScanner,18eaf26b8a689c81050929634f9f537f,/home/cheonsh/Telescode/bench/bin/TelescodeAlgo
pytest-dev__pytest-7283,b7b729298cb780b3468e3a0580a27ce62b6e818a,ok,,src/_pytest/unittest.py,205,1,1,0,1,1.0,1,0.92,921cbf6b4895944feb749dec66d2d0bb,/home/cheonsh/Telescode/bench/bin/TelescodeScanner,18eaf26b8a689c81050929634f9f537f,/home/cheonsh/Telescode/bench/bin/TelescodeAlgo
pytest-dev__pytest-7314,d5843f89d3c008ddcb431adbc335b080a79e617e,ok,,src/_pytest/terminal.py,200,1,1,0,1,1.0,1,0.88,921cbf6b4895944feb749dec66d2d0bb,/home/cheonsh/Telescode/bench/bin/TelescodeScanner,18eaf26b8a689c81050929634f9f537f,/home/cheonsh/Telescode/bench/bin/TelescodeAlgo
pytest-dev__pytest-7324,19ad5889353c7f5f2b65cc2acd346b7a9e95dfcd,ok,,src/_pytest/mark/expression.py,212,1,1,0,1,1.0,1,1.01,921cbf6b4895944feb749dec66d2d0bb,/home/cheonsh/Telescode/bench/bin/TelescodeScanner,18eaf26b8a689c81050929634f9f537f,/home/cheonsh/Telescode/bench/bin/TelescodeAlgo
pytest-dev__pytest-7352,0821c5c81d115c161a081fc048e4cf59521fe17e,ok,,src/_pytest/pathlib.py,215,1,1,0,1,1.0,1,0.99,921cbf6b4895944feb749dec66d2d0bb,/home/cheonsh/Telescode/bench/bin/TelescodeScanner,18eaf26b8a689c81050929634f9f537f,/home/cheonsh/Telescode/bench/bin/TelescodeAlgo
pytest-dev__pytest-7373,7b77fc086aab8b3a8ebc890200371884555eea1e,ok,,src/_pytest/mark/evaluate.py,215,1,1,0,1,1.0,1,1.16,921cbf6b4895944feb749dec66d2d0bb,/home/cheonsh/Telescode/bench/bin/TelescodeScanner,18eaf26b8a689c81050929634f9f537f,/home/cheonsh/Telescode/bench/bin/TelescodeAlgo
pytest-dev__pytest-7432,e6e300e729dd33956e5448d8be9a0b1540b4e53a,ok,,src/_pytest/skipping.py,214,1,1,0,1,1.0,1,1.05,921cbf6b4895944feb749dec66d2d0bb,/home/cheonsh/Telescode/bench/bin/TelescodeScanner,18eaf26b8a689c81050929634f9f537f,/home/cheonsh/Telescode/bench/bin/TelescodeAlgo
pytest-dev__pytest-7466,678c1a0745f1cf175c442c719906a1f13e496910,ok,,src/_pytest/_io/terminalwriter.py,214,1,1,0,1,1.0,1,0.99,921cbf6b4895944feb749dec66d2d0bb,/home/cheonsh/Telescode/bench/bin/TelescodeScanner,18eaf26b8a689c81050929634f9f537f,/home/cheonsh/Telescode/bench/bin/TelescodeAlgo
pytest-dev__pytest-7468,678c1a0745f1cf175c442c719906a1f13e496910,ok,,src/_pytest/logging.py,214,1,1,0,1,1.0,1,1.0,921cbf6b4895944feb749dec66d2d0bb,/home/cheonsh/Telescode/bench/bin/TelescodeScanner,18eaf26b8a689c81050929634f9f537f,/home/cheonsh/Telescode/bench/bin/TelescodeAlgo
pytest-dev__pytest-7481,d466cc25a78b442cd4ccaafae4adef9a7f1e4012,ok,,src/_pytest/_io/terminalwriter.py,214,1,1,0,1,1.0,1,1.01,921cbf6b4895944feb749dec66d2d0bb,/home/cheonsh/Telescode/bench/bin/TelescodeScanner,18eaf26b8a689c81050929634f9f537f,/home/cheonsh/Telescode/bench/bin/TelescodeAlgo
pytest-dev__pytest-7490,7f7a36478abe7dd1fa993b115d22606aa0e35e88,ok,,src/_pytest/skipping.py,214,1,1,0,1,1.0,1,1.0,921cbf6b4895944feb749dec66d2d0bb,/home/cheonsh/Telescode/bench/bin/TelescodeScanner,18eaf26b8a689c81050929634f9f537f,/home/cheonsh/Telescode/bench/bin/TelescodeAlgo
pytest-dev__pytest-7499,358150c30ee77c4b38dd63125d42d071304baf48,ok,,src/_pytest/_code/code.py,214,1,1,0,1,1.0,1,1.02,921cbf6b4895944feb749dec66d2d0bb,/home/cheonsh/Telescode/bench/bin/TelescodeScanner,18eaf26b8a689c81050929634f9f537f,/home/cheonsh/Telescode/bench/bin/TelescodeAlgo
pytest-dev__pytest-7500,358150c30ee77c4b38dd63125d42d071304baf48,ok,,src/_pytest/pathlib.py,214,1,1,0,1,1.0,1,0.98,921cbf6b4895944feb749dec66d2d0bb,/home/cheonsh/Telescode/bench/bin/TelescodeScanner,18eaf26b8a689c81050929634f9f537f,/home/cheonsh/Telescode/bench/bin/TelescodeAlgo
pytest-dev__pytest-7521,41d211c24a6781843b174379d6d6538f5c17adb9,ok,,src/_pytest/capture.py,215,1,1,0,1,1.0,1,1.03,921cbf6b4895944feb749dec66d2d0bb,/home/cheonsh/Telescode/bench/bin/TelescodeScanner,18eaf26b8a689c81050929634f9f537f,/home/cheonsh/Telescode/bench/bin/TelescodeAlgo
pytest-dev__pytest-7535,7ec6401ffabf79d52938ece5b8ff566a8b9c260e,ok,,src/_pytest/_code/code.py,215,1,1,0,1,1.0,1,0.97,921cbf6b4895944feb749dec66d2d0bb,/home/cheonsh/Telescode/bench/bin/TelescodeScanner,18eaf26b8a689c81050929634f9f537f,/home/cheonsh/Telescode/bench/bin/TelescodeAlgo
pytest-dev__pytest-7571,422685d0bdc110547535036c1ff398b5e1c44145,ok,,src/_pytest/logging.py,215,1,1,0,1,1.0,1,0.98,921cbf6b4895944feb749dec66d2d0bb,/home/cheonsh/Telescode/bench/bin/TelescodeScanner,18eaf26b8a689c81050929634f9f537f,/home/cheonsh/Telescode/bench/bin/TelescodeAlgo
pytest-dev__pytest-7637,d69abff2c7de8bc65b7f1ef867dec5b5b9c564bd,ok,,src/_pytest/fixtures.py;src/_pytest/hookspec.py;src/_pytest/mark/__init__.py;src/pytest/collect.py,214,4,4,0,4,1.0,4,1.03,921cbf6b4895944feb749dec66d2d0bb,/home/cheonsh/Telescode/bench/bin/TelescodeScanner,18eaf26b8a689c81050929634f9f537f,/home/cheonsh/Telescode/bench/bin/TelescodeAlgo
pytest-dev__pytest-7648,d426a79a90351dff0492fbd40404b1256b24f91f,ok,,src/_pytest/deprecated.py;src/_pytest/main.py;src/_pytest/nodes.py;src/_pytest/python.py,216,4,4,0,4,1.0,4,1.05,921cbf6b4895944feb749dec66d2d0bb,/home/cheonsh/Telescode/bench/bin/TelescodeScanner,18eaf26b8a689c81050929634f9f537f,/home/cheonsh/Telescode/bench/bin/TelescodeAlgo
pytest-dev__pytest-7673,75af2bfa06436752165df884d4666402529b1d6a,ok,,src/_pytest/logging.py,214,1,1,0,1,1.0,1,0.98,921cbf6b4895944feb749dec66d2d0bb,/home/cheonsh/Telescode/bench/bin/TelescodeScanner,18eaf26b8a689c81050929634f9f537f,/home/cheonsh/Telescode/bench/bin/TelescodeAlgo
pytest-dev__pytest-7749,634cde9506eb1f48dec3ec77974ee8dc952207c6,ok,,src/_pytest/assertion/rewrite.py,214,1,1,0,1,1.0,1,0.99,921cbf6b4895944feb749dec66d2d0bb,/home/cheonsh/Telescode/bench/bin/TelescodeScanner,18eaf26b8a689c81050929634f9f537f,/home/cheonsh/Telescode/bench/bin/TelescodeAlgo
pytest-dev__pytest-7939,65e6e39b76c236999fc53823892c26367a85a8f8,ok,,src/_pytest/stepwise.py,223,1,1,0,1,1.0,1,1.0,921cbf6b4895944feb749dec66d2d0bb,/home/cheonsh/Telescode/bench/bin/TelescodeScanner,18eaf26b8a689c81050929634f9f537f,/home/cheonsh/Telescode/bench/bin/TelescodeAlgo
pytest-dev__pytest-7982,a7e38c5c61928033a2dc1915cbee8caa8544a4d0,ok,,src/_pytest/pathlib.py,223,1,1,0,1,1.0,1,1.01,921cbf6b4895944feb749dec66d2d0bb,/home/cheonsh/Telescode/bench/bin/TelescodeScanner,18eaf26b8a689c81050929634f9f537f,/home/cheonsh/Telescode/bench/bin/TelescodeAlgo
pytest-dev__pytest-7985,4cd0fde277f657560bf5c4453d3b645094d2c747,ok,,src/_pytest/config/__init__.py;src/_pytest/deprecated.py;src/_pytest/main.py;src/_pytest/mark/structures.py,224,4,4,0,4,1.0,4,1.04,921cbf6b4895944feb749dec66d2d0bb,/home/cheonsh/Telescode/bench/bin/TelescodeScanner,18eaf26b8a689c81050929634f9f537f,/home/cheonsh/Telescode/bench/bin/TelescodeAlgo
pytest-dev__pytest-8022,e986d84466dfa98dbbc55cc1bf5fcb99075f4ac3,ok,,src/_pytest/main.py,224,1,1,0,1,1.0,1,1.0,921cbf6b4895944feb749dec66d2d0bb,/home/cheonsh/Telescode/bench/bin/TelescodeScanner,18eaf26b8a689c81050929634f9f537f,/home/cheonsh/Telescode/bench/bin/TelescodeAlgo
pytest-dev__pytest-8033,66311ff702d98450f29a448a47c0cd5fd0c51081,ok,,src/_pytest/unittest.py,224,1,1,0,1,1.0,1,1.01,921cbf6b4895944feb749dec66d2d0bb,/home/cheonsh/Telescode/bench/bin/TelescodeScanner,18eaf26b8a689c81050929634f9f537f,/home/cheonsh/Telescode/bench/bin/TelescodeAlgo
pytest-dev__pytest-8055,d59a4996ae7d32498b2bd4c2f2a36eda4599a2e1,ok,,src/_pytest/config/__init__.py;src/_pytest/pytester.py;src/_pytest/threadexception.py;src/_pytest/unraisableexception.py;src/_pytest/warning_types.py;src/pytest/__init__.py,224,6,4,2,4,0.6666666666666666,4,1.03,921cbf6b4895944feb749dec66d2d0bb,/home/cheonsh/Telescode/bench/bin/TelescodeScanner,18eaf26b8a689c81050929634f9f537f,/home/cheonsh/Telescode/bench/bin/TelescodeAlgo
pytest-dev__pytest-8124,902739cfc3bbc3379e6ef99c8e250de35f52ecde,ok,,src/_pytest/hookspec.py;src/_pytest/skipping.py,229,2,2,0,2,1.0,2,1.07,921cbf6b4895944feb749dec66d2d0bb,/home/cheonsh/Telescode/bench/bin/TelescodeScanner,18eaf26b8a689c81050929634f9f537f,/home/cheonsh/Telescode/bench/bin/TelescodeAlgo
pytest-dev__pytest-8250,7f782c72ba157aaa26f74553ab328c898dab949c,ok,,src/_pytest/faulthandler.py,234,1,1,0,1,1.0,1,1.04,921cbf6b4895944feb749dec66d2d0bb,/home/cheonsh/Telescode/bench/bin/TelescodeScanner,18eaf26b8a689c81050929634f9f537f,/home/cheonsh/Telescode/bench/bin/TelescodeAlgo
pytest-dev__pytest-8365,4964b468c83c06971eb743fbc57cc404f760c573,ok,,src/_pytest/tmpdir.py,235,1,1,0,1,1.0,1,1.08,921cbf6b4895944feb749dec66d2d0bb,/home/cheonsh/Telescode/bench/bin/TelescodeScanner,18eaf26b8a689c81050929634f9f537f,/home/cheonsh/Telescode/bench/bin/TelescodeAlgo
pytest-dev__pytest-8399,6e7dc8bac831cd8cf7a53b08efa366bd84f0c0fe,ok,,src/_pytest/python.py;src/_pytest/unittest.py,235,2,2,0,2,1.0,2,1.11,921cbf6b4895944feb749dec66d2d0bb,/home/cheonsh/Telescode/bench/bin/TelescodeScanner,18eaf26b8a689c81050929634f9f537f,/home/cheonsh/Telescode/bench/bin/TelescodeAlgo
pytest-dev__pytest-8422,32ad70dea8fe2978e5f6025070278cc3796f4e47,ok,,src/_pytest/python_api.py,235,1,1,0,1,1.0,1,1.06,921cbf6b4895944feb749dec66d2d0bb,/home/cheonsh/Telescode/bench/bin/TelescodeScanner,18eaf26b8a689c81050929634f9f537f,/home/cheonsh/Telescode/bench/bin/TelescodeAlgo
pytest-dev__pytest-8428,fe51121f39ca48c1af21733a60ae069b316b1cdb,ok,,src/_pytest/deprecated.py;src/_pytest/fixtures.py;src/_pytest/mark/structures.py,249,3,3,0,3,1.0,3,1.21,921cbf6b4895944feb749dec66d2d0bb,/home/cheonsh/Telescode/bench/bin/TelescodeScanner,18eaf26b8a689c81050929634f9f537f,/home/cheonsh/Telescode/bench/bin/TelescodeAlgo
pytest-dev__pytest-8447,6447ca5f1e1f1e02fe1ac43621f642303f7bfe62,ok,,src/_pytest/main.py;src/_pytest/nodes.py,236,2,2,0,2,1.0,2,1.04,921cbf6b4895944feb749dec66d2d0bb,/home/cheonsh/Telescode/bench/bin/TelescodeScanner,18eaf26b8a689c81050929634f9f537f,/home/cheonsh/Telescode/bench/bin/TelescodeAlgo
pytest-dev__pytest-8463,35df3e68d57fcd62a60b2a8568b09fa3674f36a8,ok,,src/_pytest/config/__init__.py;src/_pytest/config/compat.py;src/_pytest/deprecated.py;src/_pytest/main.py;src/_pytest/python.py;src/_pytest/terminal.py,235,6,5,1,5,0.8333333333333334,5,1.08,921cbf6b4895944feb749dec66d2d0bb,/home/cheonsh/Telescode/bench/bin/TelescodeScanner,18eaf26b8a689c81050929634f9f537f,/home/cheonsh/Telescode/bench/bin/TelescodeAlgo
pytest-dev__pytest-8516,9c151a65c86b4e780cc6b50ec2174b9b23af96de,ok,,src/_pytest/pathlib.py;src/_pytest/pytester.py;src/_pytest/tmpdir.py,235,3,3,0,3,1.0,3,1.1,921cbf6b4895944feb749dec66d2d0bb,/home/cheonsh/Telescode/bench/bin/TelescodeScanner,18eaf26b8a689c81050929634f9f537f,/home/cheonsh/Telescode/bench/bin/TelescodeAlgo
pytest-dev__pytest-8641,634312b14a45db8d60d72016e01294284e3a18d4,ok,,src/_pytest/logging.py,236,1,1,0,1,1.0,1,1.01,921cbf6b4895944feb749dec66d2d0bb,/home/cheonsh/Telescode/bench/bin/TelescodeScanner,18eaf26b8a689c81050929634f9f537f,/home/cheonsh/Telescode/bench/bin/TelescodeAlgo
pytest-dev__pytest-8861,6740fb9da6dd21b3f1d2f6c3980605f4f7c9e81d,ok,,src/_pytest/doctest.py,235,1,1,0,1,1.0,1,1.07,921cbf6b4895944feb749dec66d2d0bb,/home/cheonsh/Telescode/bench/bin/TelescodeScanner,18eaf26b8a689c81050929634f9f537f,/home/cheonsh/Telescode/bench/bin/TelescodeAlgo
pytest-dev__pytest-8906,69356d20cfee9a81972dcbf93d8caf9eabe113e8,ok,,src/_pytest/python.py,235,1,1,0,1,1.0,1,1.06,921cbf6b4895944feb749dec66d2d0bb,/home/cheonsh/Telescode/bench/bin/TelescodeScanner,18eaf26b8a689c81050929634f9f537f,/home/cheonsh/Telescode/bench/bin/TelescodeAlgo
pytest-dev__pytest-8950,398783521383e7f0d9897da679e8c12061024f30,ok,,src/_pytest/compat.py;src/_pytest/deprecated.py;src/_pytest/outcomes.py;src/_pytest/python.py;src/_pytest/scope.py,240,5,5,0,5,1.0,5,1.07,921cbf6b4895944feb749dec66d2d0bb,/home/cheonsh/Telescode/bench/bin/TelescodeScanner,18eaf26b8a689c81050929634f9f537f,/home/cheonsh/Telescode/bench/bin/TelescodeAlgo
pytest-dev__pytest-8952,6d6bc97231f2d9a68002f1d191828fd3476ca8b8,ok,,src/_pytest/pytester.py;src/_pytest/pytester_assertions.py,238,2,2,0,2,1.0,2,1.05,921cbf6b4895944feb749dec66d2d0bb,/home/cheonsh/Telescode/bench/bin/TelescodeScanner,18eaf26b8a689c81050929634f9f537f,/home/cheonsh/Telescode/bench/bin/TelescodeAlgo
pytest-dev__pytest-8987,a446ee81fd6674c2b7d1f0ee76467f1ffc1619fc,ok,,src/_pytest/mark/expression.py,240,1,1,0,1,1.0,1,1.09,921cbf6b4895944feb749dec66d2d0bb,/home/cheonsh/Telescode/bench/bin/TelescodeScanner,18eaf26b8a689c81050929634f9f537f,/home/cheonsh/Telescode/bench/bin/TelescodeAlgo
pytest-dev__pytest-9064,014fa61e0db9f9ebdedf57e1ab8f30df30c7c469,ok,,src/_pytest/stepwise.py,240,1,1,0,1,1.0,1,1.05,921cbf6b4895944feb749dec66d2d0bb,/home/cheonsh/Telescode/bench/bin/TelescodeScanner,18eaf26b8a689c81050929634f9f537f,/home/cheonsh/Telescode/bench/bin/TelescodeAlgo
pytest-dev__pytest-9066,20863c3a0c92501e7f55d747a33797f23e56c818,ok,,src/_pytest/nodes.py,240,1,1,0,1,1.0,1,1.06,921cbf6b4895944feb749dec66d2d0bb,/home/cheonsh/Telescode/bench/bin/TelescodeScanner,18eaf26b8a689c81050929634f9f537f,/home/cheonsh/Telescode/bench/bin/TelescodeAlgo
pytest-dev__pytest-9133,7720154ca023da23581d87244a31acf5b14979f2,ok,,src/_pytest/pytester.py;src/_pytest/pytester_assertions.py,240,2,2,0,2,1.0,2,1.08,921cbf6b4895944feb749dec66d2d0bb,/home/cheonsh/Telescode/bench/bin/TelescodeScanner,18eaf26b8a689c81050929634f9f537f,/home/cheonsh/Telescode/bench/bin/TelescodeAlgo
pytest-dev__pytest-9249,1824349f74298112722396be6f84a121bc9d6d63,ok,,src/_pytest/mark/expression.py,242,1,1,0,1,1.0,1,1.05,921cbf6b4895944feb749dec66d2d0bb,/home/cheonsh/Telescode/bench/bin/TelescodeScanner,18eaf26b8a689c81050929634f9f537f,/home/cheonsh/Telescode/bench/bin/TelescodeAlgo
pytest-dev__pytest-9279,86446edc869f14de4d9e32d9f1fa4d8cd1df8cb6,ok,,src/_pytest/nodes.py,244,1,1,0,1,1.0,1,1.09,921cbf6b4895944feb749dec66d2d0bb,/home/cheonsh/Telescode/bench/bin/TelescodeScanner,18eaf26b8a689c81050929634f9f537f,/home/cheonsh/Telescode/bench/bin/TelescodeAlgo
pytest-dev__pytest-9359,e2ee3144ed6e241dea8d96215fcdca18b3892551,ok,,src/_pytest/_code/source.py,244,1,1,0,1,1.0,1,1.06,921cbf6b4895944feb749dec66d2d0bb,/home/cheonsh/Telescode/bench/bin/TelescodeScanner,18eaf26b8a689c81050929634f9f537f,/home/cheonsh/Telescode/bench/bin/TelescodeAlgo
pytest-dev__pytest-9475,71baf24b6d41da6704433ca9909b5e6d954564b9,ok,,src/_pytest/pytester.py;src/_pytest/pytester_assertions.py,244,2,2,0,2,1.0,2,1.08,921cbf6b4895944feb749dec66d2d0bb,/home/cheonsh/Telescode/bench/bin/TelescodeScanner,18eaf26b8a689c81050929634f9f537f,/home/cheonsh/Telescode/bench/bin/TelescodeAlgo
pytest-dev__pytest-9624,bc33ba0be95a1b66038a17329573aaa1666c1a0f,ok,,src/_pytest/unittest.py,244,1,1,0,1,1.0,1,1.08,921cbf6b4895944feb749dec66d2d0bb,/home/cheonsh/Telescode/bench/bin/TelescodeScanner,18eaf26b8a689c81050929634f9f537f,/home/cheonsh/Telescode/bench/bin/TelescodeAlgo
pytest-dev__pytest-9646,6aaa017b1e81f6eccc48ee4f6b52d25c49747554,ok,,src/_pytest/nodes.py,244,1,1,0,1,1.0,1,1.07,921cbf6b4895944feb749dec66d2d0bb,/home/cheonsh/Telescode/bench/bin/TelescodeScanner,18eaf26b8a689c81050929634f9f537f,/home/cheonsh/Telescode/bench/bin/TelescodeAlgo
pytest-dev__pytest-9681,fc72ffa39ed3b34b21fba83d6f80144ab0ae8a36,ok,,src/_pytest/pathlib.py,244,1,1,0,1,1.0,1,1.03,921cbf6b4895944feb749dec66d2d0bb,/home/cheonsh/Telescode/bench/bin/TelescodeScanner,18eaf26b8a689c81050929634f9f537f,/home/cheonsh/Telescode/bench/bin/TelescodeAlgo
pytest-dev__pytest-9709,0c80a1c836616b0206a4af2fe72001ff797a5f8f,ok,,src/_pytest/python_api.py,244,1,1,0,1,1.0,1,1.09,921cbf6b4895944feb749dec66d2d0bb,/home/cheonsh/Telescode/bench/bin/TelescodeScanner,18eaf26b8a689c81050929634f9f537f,/home/cheonsh/Telescode/bench/bin/TelescodeAlgo
pytest-dev__pytest-9780,d52a6e6074844581f5f89653bd4071fb6ea847d3,ok,,src/_pytest/config/__init__.py,244,1,1,0,1,1.0,1,1.06,921cbf6b4895944feb749dec66d2d0bb,/home/cheonsh/Telescode/bench/bin/TelescodeScanner,18eaf26b8a689c81050929634f9f537f,/home/cheonsh/Telescode/bench/bin/TelescodeAlgo
pytest-dev__pytest-9798,6a6a32ceca8db2bb8c8385f7fe54dc335f48663a,ok,,src/_pytest/python_api.py,244,1,1,0,1,1.0,1,1.05,921cbf6b4895944feb749dec66d2d0bb,/home/cheonsh/Telescode/bench/bin/TelescodeScanner,18eaf26b8a689c81050929634f9f537f,/home/cheonsh/Telescode/bench/bin/TelescodeAlgo
pytest-dev__pytest-9911,2ba8fd5bc50f293fea11a863c2b8c4dc3488762b,ok,,src/_pytest/python_api.py,245,1,1,0,1,1.0,1,1.08,921cbf6b4895944feb749dec66d2d0bb,/home/cheonsh/Telescode/bench/bin/TelescodeScanner,18eaf26b8a689c81050929634f9f537f,/home/cheonsh/Telescode/bench/bin/TelescodeAlgo
pytest-dev__pytest-9956,cc0fbbefa0f8a6b390e89ef0d4d64dd78783a5c1,ok,,src/_pytest/python.py;src/_pytest/warning_types.py;src/pytest/__init__.py,245,3,3,0,3,1.0,3,1.04,921cbf6b4895944feb749dec66d2d0bb,/home/cheonsh/Telescode/bench/bin/TelescodeScanner,18eaf26b8a689c81050929634f9f537f,/home/cheonsh/Telescode/bench/bin/TelescodeAlgo
