instance_id,condition,n_docs,n_skipped,gold_in_corpus,gold_n,full_path_hits,basename_hits,any_full_path,any_basename
pydata__xarray-2905,full,152,0,1,1,1,1,True,True
pydata__xarray-2905,no_trace,152,0,1,1,0,0,False,False
pydata__xarray-2905,no_paths,152,0,1,1,0,0,False,False
pydata__xarray-2922,full,141,0,3,4,0,0,False,False
pydata__xarray-2922,no_trace,141,0,3,4,0,0,False,False
pydata__xarray-2922,no_paths,141,0,3,4,0,0,False,False
pydata__xarray-3095,full,135,0,2,2,0,0,False,False
pydata__xarray-3095,no_trace,135,0,2,2,0,0,False,False
pydata__xarray-3095,no_paths,135,0,2,2,0,0,False,False
pydata__xarray-3114,full,135,0,3,3,2,2,True,True
pydata__xarray-3114,no_trace,135,0,3,3,0,0,False,False
pydata__xarray-3114,no_paths,135,0,3,3,0,0,False,False
pydata__xarray-3151,full,135,0,1,1,0,0,False,False
pydata__xarray-3151,no_trace,135,0,1,1,0,0,False,False
pydata__xarray-3151,no_paths,135,0,1,1,0,0,False,False
pydata__xarray-3156,full,135,0,1,1,0,0,False,False
pydata__xarray-3156,no_trace,135,0,1,1,0,0,False,False
pydata__xarray-3156,no_paths,135,0,1,1,0,0,False,False
pydata__xarray-3159,full,137,0,2,2,0,0,False,False
pydata__xarray-3159,no_trace,137,0,2,2,0,0,False,False
pydata__xarray-3159,no_paths,137,0,2,2,0,0,False,False
pydata__xarray-3239,full,137,0,5,5,0,0,False,False
pydata__xarray-3239,no_trace,137,0,5,5,0,0,False,False
pydata__xarray-3239,no_paths,137,0,5,5,0,0,False,False
pydata__xarray-3302,full,144,0,4,4,0,0,False,False
pydata__xarray-3302,no_trace,144,0,4,4,0,0,False,False
pydata__xarray-3302,no_paths,144,0,4,4,0,0,False,False
pydata__xarray-3305,full,137,0,2,2,0,0,False,False
pydata__xarray-3305,no_trace,137,0,2,2,0,0,False,False
pydata__xarray-3305,no_paths,137,0,2,2,0,0,False,False
pydata__xarray-3338,full,137,0,1,1,1,1,True,True
pydata__xarray-3338,no_trace,137,0,1,1,0,0,False,False
pydata__xarray-3338,no_paths,137,0,1,1,0,0,False,False
pydata__xarray-3364,full,139,0,1,1,0,0,False,False
pydata__xarray-3364,no_trace,139,0,1,1,0,0,False,False
pydata__xarray-3364,no_paths,139,0,1,1,0,0,False,False
pydata__xarray-3406,full,142,0,1,1,0,1,False,True
pydata__xarray-3406,no_trace,142,0,1,1,0,1,False,True
pydata__xarray-3406,no_paths,142,0,1,1,0,0,False,False
pydata__xarray-3520,full,144,0,2,2,0,0,False,False
pydata__xarray-3520,no_trace,144,0,2,2,0,0,False,False
pydata__xarray-3520,no_paths,144,0,2,2,0,0,False,False
pydata__xarray-3527,full,144,0,1,1,0,0,False,False
pydata__xarray-3527,no_trace,144,0,1,1,0,0,False,False
pydata__xarray-3527,no_paths,144,0,1,1,0,0,False,False
pydata__xarray-3631,full,144,0,5,5,4,4,True,True
pydata__xarray-3631,no_trace,144,0,5,5,4,4,True,True
pydata__xarray-3631,no_paths,144,0,5,5,0,0,False,False
pydata__xarray-3635,full,144,0,1,1,0,0,False,False
pydata__xarray-3635,no_trace,144,0,1,1,0,0,False,False
pydata__xarray-3635,no_paths,144,0,1,1,0,0,False,False
pydata__xarray-3637,full,144,0,2,2,1,1,True,True
pydata__xarray-3637,no_trace,144,0,2,2,1,1,True,True
pydata__xarray-3637,no_paths,144,0,2,2,0,0,False,False
pydata__xarray-3649,full,144,0,1,1,0,0,False,False
pydata__xarray-3649,no_trace,144,0,1,1,0,0,False,False
pydata__xarray-3649,no_paths,144,0,1,1,0,0,False,False
pydata__xarray-3677,full,144,0,1,1,1,1,True,True
pydata__xarray-3677,no_trace,144,0,1,1,0,0,False,False
pydata__xarray-3677,no_paths,144,0,1,1,0,0,False,False
pydata__xarray-3733,full,143,0,7,7,0,0,False,False
pydata__xarray-3733,no_trace,143,0,7,7,0,0,False,False
pydata__xarray-3733,no_paths,143,0,7,7,0,0,False,False
pydata__xarray-3812,full,141,0,1,1,0,0,False,False
pydata__xarray-3812,no_trace,141,0,1,1,0,0,False,False
pydata__xarray-3812,no_paths,141,0,1,1,0,0,False,False
pydata__xarray-3905,full,144,0,1,1,0,0,False,False
pydata__xarray-3905,no_trace,144,0,1,1,0,0,False,False
pydata__xarray-3905,no_paths,144,0,1,1,0,0,False,False
pydata__xarray-3976,full,143,0,1,1,1,1,True,True
pydata__xarray-3976,no_trace,143,0,1,1,0,0,False,False
pydata__xarray-3976,no_paths,143,0,1,1,0,0,False,False
pydata__xarray-3979,full,143,0,1,1,1,1,True,True
pydata__xarray-3979,no_trace,143,0,1,1,0,0,False,False
pydata__xarray-3979,no_paths,143,0,1,1,0,0,False,False
pydata__xarray-3993,full,151,0,2,2,0,0,False,False
pydata__xarray-3993,no_trace,151,0,2,2,0,0,False,False
pydata__xarray-3993,no_paths,151,0,2,2,0,0,False,False
pydata__xarray-4075,full,143,0,1,1,0,0,False,False
pydata__xarray-4075,no_trace,143,0,1,1,0,0,False,False
pydata__xarray-4075,no_paths,143,0,1,1,0,0,False,False
pydata__xarray-4094,full,144,0,1,1,0,0,False,False
pydata__xarray-4094,no_trace,144,0,1,1,0,0,False,False
pydata__xarray-4094,no_paths,144,0,1,1,0,0,False,False
pydata__xarray-4098,full,143,0,1,1,0,0,False,False
pydata__xarray-4098,no_trace,143,0,1,1,0,0,False,False
pydata__xarray-4098,no_paths,143,0,1,1,0,0,False,False
pydata__xarray-4182,full,144,0,1,1,0,0,False,False
pydata__xarray-4182,no_trace,144,0,1,1,0,0,False,False
pydata__xarray-4182,no_paths,144,0,1,1,0,0,False,False
pydata__xarray-4184,full,144,0,2,3,0,0,False,False
pydata__xarray-4184,no_trace,144,0,2,3,0,0,False,False
pydata__xarray-4184,no_paths,144,0,2,3,0,0,False,False
pydata__xarray-4248,full,146,0,1,1,0,0,False,False
pydata__xarray-4248,no_trace,146,0,1,1,0,0,False,False
pydata__xarray-4248,no_paths,146,0,1,1,0,0,False,False
pydata__xarray-4339,full,146,0,1,1,0,0,False,False
pydata__xarray-4339,no_trace,146,0,1,1,0,0,False,False
pydata__xarray-4339,no_paths,146,0,1,1,0,0,False,False
pydata__xarray-4356,full,146,0,1,1,1,1,True,True
pydata__xarray-4356,no_trace,146,0,1,1,0,0,False,False
pydata__xarray-4356,no_paths,146,0,1,1,0,0,False,False
pydata__xarray-4419,full,146,0,1,1,0,0,False,False
pydata__xarray-4419,no_trace,146,0,1,1,0,0,False,False
pydata__xarray-4419,no_paths,146,0,1,1,0,0,False,False
pydata__xarray-4423,full,146,0,1,1,1,1,True,True
pydata__xarray-4423,no_trace,146,0,1,1,1,1,True,True
pydata__xarray-4423,no_paths,146,0,1,1,0,0,False,False
pydata__xarray-4442,full,152,0,1,1,0,0,False,False
pydata__xarray-4442,no_trace,152,0,1,1,0,0,False,False
pydata__xarray-4442,no_paths,152,0,1,1,0,0,False,False
pydata__xarray-4493,full,152,0,1,1,0,0,False,False
pydata__xarray-4493,no_trace,152,0,1,1,0,0,False,False
pydata__xarray-4493,no_paths,152,0,1,1,0,0,False,False
pydata__xarray-4510,full,148,0,2,2,0,0,False,False
pydata__xarray-4510,no_trace,148,0,2,2,0,0,False,False
pydata__xarray-4510,no_paths,148,0,2,2,0,0,False,False
pydata__xarray-4629,full,149,0,1,1,1,1,True,True
pydata__xarray-4629,no_trace,149,0,1,1,0,0,False,False
pydata__xarray-4629,no_paths,149,0,1,1,0,0,False,False
pydata__xarray-4683,full,150,0,4,4,0,0,False,False
pydata__xarray-4683,no_trace,150,0,4,4,0,0,False,False
pydata__xarray-4683,no_paths,150,0,4,4,0,0,False,False
pydata__xarray-4684,full,151,0,1,1,0,0,False,False
pydata__xarray-4684,no_trace,151,0,1,1,0,0,False,False
pydata__xarray-4684,no_paths,151,0,1,1,0,0,False,False
pydata__xarray-4687,full,165,0,1,1,0,0,False,False
pydata__xarray-4687,no_trace,165,0,1,1,0,0,False,False
pydata__xarray-4687,no_paths,165,0,1,1,0,0,False,False
pydata__xarray-4695,full,150,0,1,1,0,0,False,False
pydata__xarray-4695,no_trace,150,0,1,1,0,0,False,False
pydata__xarray-4695,no_paths,150,0,1,1,0,0,False,False
pydata__xarray-4750,full,151,0,2,2,0,0,False,False
pydata__xarray-4750,no_trace,151,0,2,2,0,0,False,False
pydata__xarray-4750,no_paths,151,0,2,2,0,0,False,False
pydata__xarray-4758,full,152,0,2,2,0,1,False,True
pydata__xarray-4758,no_trace,152,0,2,2,0,1,False,True
pydata__xarray-4758,no_paths,152,0,2,2,0,0,False,False
pydata__xarray-4759,full,151,0,7,7,0,0,False,False
pydata__xarray-4759,no_trace,151,0,7,7,0,0,False,False
pydata__xarray-4759,no_paths,151,0,7,7,0,0,False,False
pydata__xarray-4767,full,151,0,2,2,2,2,True,True
pydata__xarray-4767,no_trace,151,0,2,2,2,2,True,True
pydata__xarray-4767,no_paths,151,0,2,2,0,0,False,False
pydata__xarray-4802,full,151,0,1,1,1,1,True,True
pydata__xarray-4802,no_trace,151,0,1,1,1,1,True,True
pydata__xarray-4802,no_paths,151,0,1,1,0,0,False,False
pydata__xarray-4819,full,151,0,2,2,0,0,False,False
pydata__xarray-4819,no_trace,151,0,2,2,0,0,False,False
pydata__xarray-4819,no_paths,151,0,2,2,0,0,False,False
pydata__xarray-4827,full,152,0,3,3,0,0,False,False
pydata__xarray-4827,no_trace,152,0,3,3,0,0,False,False
pydata__xarray-4827,no_paths,152,0,3,3,0,0,False,False
pydata__xarray-4879,full,172,0,1,1,0,0,False,False
pydata__xarray-4879,no_trace,172,0,1,1,0,0,False,False
pydata__xarray-4879,no_paths,172,0,1,1,0,0,False,False
pydata__xarray-4911,full,152,0,3,3,0,0,False,False
pydata__xarray-4911,no_trace,152,0,3,3,0,0,False,False
pydata__xarray-4911,no_paths,152,0,3,3,0,0,False,False
pydata__xarray-4939,full,152,0,1,1,0,0,False,False
pydata__xarray-4939,no_trace,152,0,1,1,0,0,False,False
pydata__xarray-4939,no_paths,152,0,1,1,0,0,False,False
pydata__xarray-4940,full,153,0,1,1,0,0,False,False
pydata__xarray-4940,no_trace,153,0,1,1,0,0,False,False
pydata__xarray-4940,no_paths,153,0,1,1,0,0,False,False
pydata__xarray-4966,full,153,0,1,1,1,1,True,True
pydata__xarray-4966,no_trace,153,0,1,1,0,0,False,False
pydata__xarray-4966,no_paths,153,0,1,1,0,0,False,False
pydata__xarray-4994,full,152,0,1,1,1,1,True,True
pydata__xarray-4994,no_trace,152,0,1,1,0,1,False,True
pydata__xarray-4994,no_paths,152,0,1,1,0,0,False,False
pydata__xarray-5033,full,152,0,2,2,0,0,False,False
pydata__xarray-5033,no_trace,152,0,2,2,0,0,False,False
pydata__xarray-5033,no_paths,152,0,2,2,0,0,False,False
pydata__xarray-5126,full,154,0,3,3,0,0,False,False
pydata__xarray-5126,no_trace,154,0,3,3,0,0,False,False
pydata__xarray-5126,no_paths,154,0,3,3,0,0,False,False
pydata__xarray-5131,full,152,0,1,1,0,0,False,False
pydata__xarray-5131,no_trace,152,0,1,1,0,0,False,False
pydata__xarray-5131,no_paths,152,0,1,1,0,0,False,False
pydata__xarray-5180,full,154,0,1,1,1,1,True,True
pydata__xarray-5180,no_trace,154,0,1,1,0,0,False,False
pydata__xarray-5180,no_paths,154,0,1,1,0,0,False,False
pydata__xarray-5187,full,154,0,5,5,0,0,False,False
pydata__xarray-5187,no_trace,154,0,5,5,0,0,False,False
pydata__xarray-5187,no_paths,154,0,5,5,0,0,False,False
pydata__xarray-5233,full,163,0,6,7,0,0,False,False
pydata__xarray-5233,no_trace,163,0,6,7,0,0,False,False
pydata__xarray-5233,no_paths,163,0,6,7,0,0,False,False
pydata__xarray-5362,full,154,0,1,1,0,0,False,False
pydata__xarray-5362,no_trace,154,0,1,1,0,0,False,False
pydata__xarray-5362,no_paths,154,0,1,1,0,0,False,False
pydata__xarray-5365,full,164,0,2,2,0,0,False,False
pydata__xarray-5365,no_trace,164,0,2,2,0,0,False,False
pydata__xarray-5365,no_paths,164,0,2,2,0,0,False,False
pydata__xarray-5455,full,156,0,10,10,1,1,True,True
pydata__xarray-5455,no_trace,156,0,10,10,0,0,False,False
pydata__xarray-5455,no_paths,156,0,10,10,0,0,False,False
pydata__xarray-5580,full,156,0,1,1,0,0,False,False
pydata__xarray-5580,no_trace,156,0,1,1,0,0,False,False
pydata__xarray-5580,no_paths,156,0,1,1,0,0,False,False
pydata__xarray-5662,full,163,0,1,1,0,0,False,False
pydata__xarray-5662,no_trace,163,0,1,1,0,0,False,False
pydata__xarray-5662,no_paths,163,0,1,1,0,0,False,False
pydata__xarray-5682,full,156,0,1,1,0,0,False,False
pydata__xarray-5682,no_trace,156,0,1,1,0,0,False,False
pydata__xarray-5682,no_paths,156,0,1,1,0,0,False,False
pydata__xarray-5731,full,164,0,3,3,2,2,True,True
pydata__xarray-5731,no_trace,164,0,3,3,2,2,True,True
pydata__xarray-5731,no_paths,164,0,3,3,0,0,False,False
pydata__xarray-6135,full,165,0,2,2,0,0,False,False
pydata__xarray-6135,no_trace,165,0,2,2,0,0,False,False
pydata__xarray-6135,no_paths,165,0,2,2,0,0,False,False
pydata__xarray-6386,full,165,0,1,1,1,1,True,True
pydata__xarray-6386,no_trace,165,0,1,1,0,0,False,False
pydata__xarray-6386,no_paths,165,0,1,1,0,0,False,False
pydata__xarray-6394,full,165,0,1,1,1,1,True,True
pydata__xarray-6394,no_trace,165,0,1,1,0,0,False,False
pydata__xarray-6394,no_paths,165,0,1,1,0,0,False,False
pydata__xarray-6400,full,165,0,3,3,0,0,False,False
pydata__xarray-6400,no_trace,165,0,3,3,0,0,False,False
pydata__xarray-6400,no_paths,165,0,3,3,0,0,False,False
pydata__xarray-6461,full,165,0,1,1,0,0,False,False
pydata__xarray-6461,no_trace,165,0,1,1,0,0,False,False
pydata__xarray-6461,no_paths,165,0,1,1,0,0,False,False
pydata__xarray-6548,full,164,0,1,2,1,1,True,True
pydata__xarray-6548,no_trace,164,0,1,2,1,1,True,True
pydata__xarray-6548,no_paths,164,0,1,2,0,0,False,False
pydata__xarray-6598,full,165,0,1,1,0,0,False,False
pydata__xarray-6598,no_trace,165,0,1,1,0,0,False,False
pydata__xarray-6598,no_paths,165,0,1,1,0,0,False,False
pydata__xarray-6599,full,165,0,1,1,0,0,False,False
pydata__xarray-6599,no_trace,165,0,1,1,0,0,False,False
pydata__xarray-6599,no_paths,165,0,1,1,0,0,False,False
pydata__xarray-6601,full,165,0,1,1,0,0,False,False
pydata__xarray-6601,no_trace,165,0,1,1,0,0,False,False
pydata__xarray-6601,no_paths,165,0,1,1,0,0,False,False
pydata__xarray-6721,full,166,0,1,1,1,1,True,True
pydata__xarray-6721,no_trace,166,0,1,1,0,0,False,False
pydata__xarray-6721,no_paths,166,0,1,1,0,0,False,False
pydata__xarray-6744,full,167,0,1,1,0,0,False,False
pydata__xarray-6744,no_trace,167,0,1,1,0,0,False,False
pydata__xarray-6744,no_paths,167,0,1,1,0,0,False,False
pydata__xarray-6798,full,168,0,3,3,2,2,True,True
pydata__xarray-6798,no_trace,168,0,3,3,0,0,False,False
pydata__xarray-6798,no_paths,168,0,3,3,0,0,False,False
pydata__xarray-6804,full,167,0,4,4,0,0,False,False
pydata__xarray-6804,no_trace,167,0,4,4,0,0,False,False
pydata__xarray-6804,no_paths,167,0,4,4,0,0,False,False
pydata__xarray-6823,full,168,0,1,1,1,1,True,True
pydata__xarray-6823,no_trace,168,0,1,1,0,0,False,False
pydata__xarray-6823,no_paths,168,0,1,1,0,0,False,False
pydata__xarray-6857,full,170,0,1,1,0,0,False,False
pydata__xarray-6857,no_trace,170,0,1,1,0,0,False,False
pydata__xarray-6857,no_paths,170,0,1,1,0,0,False,False
pydata__xarray-6882,full,168,0,1,1,0,0,False,False
pydata__xarray-6882,no_trace,168,0,1,1,0,0,False,False
pydata__xarray-6882,no_paths,168,0,1,1,0,0,False,False
pydata__xarray-6889,full,170,0,1,1,0,0,False,False
pydata__xarray-6889,no_trace,170,0,1,1,0,0,False,False
pydata__xarray-6889,no_paths,170,0,1,1,0,0,False,False
pydata__xarray-6938,full,170,0,2,2,0,0,False,False
pydata__xarray-6938,no_trace,170,0,2,2,0,0,False,False
pydata__xarray-6938,no_paths,170,0,2,2,0,0,False,False
pydata__xarray-6971,full,169,0,3,4,0,0,False,False
pydata__xarray-6971,no_trace,169,0,3,4,0,0,False,False
pydata__xarray-6971,no_paths,169,0,3,4,0,0,False,False
pydata__xarray-6992,full,169,0,2,2,1,1,True,True
pydata__xarray-6992,no_trace,169,0,2,2,0,0,False,False
pydata__xarray-6992,no_paths,169,0,2,2,0,0,False,False
pydata__xarray-6999,full,169,0,2,2,0,0,False,False
pydata__xarray-6999,no_trace,169,0,2,2,0,0,False,False
pydata__xarray-6999,no_paths,169,0,2,2,0,0,False,False
pydata__xarray-7003,full,170,0,1,1,0,0,False,False
pydata__xarray-7003,no_trace,170,0,1,1,0,0,False,False
pydata__xarray-7003,no_paths,170,0,1,1,0,0,False,False
pydata__xarray-7019,full,171,0,21,23,0,0,False,False
pydata__xarray-7019,no_trace,171,0,21,23,0,0,False,False
pydata__xarray-7019,no_paths,171,0,21,23,0,0,False,False
pydata__xarray-7052,full,170,0,10,12,0,0,False,False
pydata__xarray-7052,no_trace,170,0,10,12,0,0,False,False
pydata__xarray-7052,no_paths,170,0,10,12,0,0,False,False
pydata__xarray-7089,full,170,0,4,4,0,0,False,False
pydata__xarray-7089,no_trace,170,0,4,4,0,0,False,False
pydata__xarray-7089,no_paths,170,0,4,4,0,0,False,False
pydata__xarray-7101,full,170,0,1,1,1,1,True,True
pydata__xarray-7101,no_trace,170,0,1,1,0,0,False,False
pydata__xarray-7101,no_paths,170,0,1,1,0,0,False,False
pydata__xarray-7105,full,170,0,7,7,0,0,False,False
pydata__xarray-7105,no_trace,170,0,7,7,0,0,False,False
pydata__xarray-7105,no_paths,170,0,7,7,0,0,False,False
pydata__xarray-7112,full,170,0,5,5,2,2,True,True
pydata__xarray-7112,no_trace,170,0,5,5,0,0,False,False
pydata__xarray-7112,no_paths,170,0,5,5,0,0,False,False
pydata__xarray-7120,full,170,0,1,1,0,0,False,False
pydata__xarray-7120,no_trace,170,0,1,1,0,0,False,False
pydata__xarray-7120,no_paths,170,0,1,1,0,0,False,False
pydata__xarray-7147,full,170,0,1,1,1,1,True,True
pydata__xarray-7147,no_trace,170,0,1,1,0,0,False,False
pydata__xarray-7147,no_paths,170,0,1,1,0,0,False,False
pydata__xarray-7150,full,170,0,1,1,0,0,False,False
pydata__xarray-7150,no_trace,170,0,1,1,0,0,False,False
pydata__xarray-7150,no_paths,170,0,1,1,0,0,False,False
pydata__xarray-7179,full,172,0,23,23,0,0,False,False
pydata__xarray-7179,no_trace,172,0,23,23,0,0,False,False
pydata__xarray-7179,no_paths,172,0,23,23,0,0,False,False
pydata__xarray-7203,full,172,0,1,1,1,1,True,True
pydata__xarray-7203,no_trace,172,0,1,1,0,0,False,False
pydata__xarray-7203,no_paths,172,0,1,1,0,0,False,False
pydata__xarray-7229,full,173,0,1,1,0,0,False,False
pydata__xarray-7229,no_trace,173,0,1,1,0,0,False,False
pydata__xarray-7229,no_paths,173,0,1,1,0,0,False,False
pydata__xarray-7233,full,173,0,1,1,0,0,False,False
pydata__xarray-7233,no_trace,173,0,1,1,0,0,False,False
pydata__xarray-7233,no_paths,173,0,1,1,0,0,False,False
pydata__xarray-7347,full,174,0,1,1,0,0,False,False
pydata__xarray-7347,no_trace,174,0,1,1,0,0,False,False
pydata__xarray-7347,no_paths,174,0,1,1,0,0,False,False
pydata__xarray-7391,full,174,0,1,1,0,0,False,False
pydata__xarray-7391,no_trace,174,0,1,1,0,0,False,False
pydata__xarray-7391,no_paths,174,0,1,1,0,0,False,False
pydata__xarray-7393,full,174,0,1,1,0,0,False,False
pydata__xarray-7393,no_trace,174,0,1,1,0,0,False,False
pydata__xarray-7393,no_paths,174,0,1,1,0,0,False,False
pydata__xarray-7400,full,174,0,1,1,0,0,False,False
pydata__xarray-7400,no_trace,174,0,1,1,0,0,False,False
pydata__xarray-7400,no_paths,174,0,1,1,0,0,False,False
pydata__xarray-7444,full,174,0,4,4,0,1,False,True
pydata__xarray-7444,no_trace,174,0,4,4,0,1,False,True
pydata__xarray-7444,no_paths,174,0,4,4,0,0,False,False
pytest-dev__pytest-10051,full,245,0,1,1,1,1,True,True
pytest-dev__pytest-10051,no_trace,245,0,1,1,0,0,False,False
pytest-dev__pytest-10051,no_paths,245,0,1,1,0,0,False,False
pytest-dev__pytest-10081,full,245,0,1,1,0,0,False,False
pytest-dev__pytest-10081,no_trace,245,0,1,1,0,0,False,False
pytest-dev__pytest-10081,no_paths,245,0,1,1,0,0,False,False
pytest-dev__pytest-10115,full,245,0,1,1,0,0,False,False
pytest-dev__pytest-10115,no_trace,245,0,1,1,0,0,False,False
pytest-dev__pytest-10115,no_paths,245,0,1,1,0,0,False,False
pytest-dev__pytest-10343,full,244,0,1,1,0,0,False,False
pytest-dev__pytest-10343,no_trace,244,0,1,1,0,0,False,False
pytest-dev__pytest-10343,no_paths,244,0,1,1,0,0,False,False
pytest-dev__pytest-10356,full,244,0,1,1,0,0,False,False
pytest-dev__pytest-10356,no_trace,244,0,1,1,0,0,False,False
pytest-dev__pytest-10356,no_paths,244,0,1,1,0,0,False,False
pytest-dev__pytest-10371,full,249,0,1,1,0,0,False,False
pytest-dev__pytest-10371,no_trace,249,0,1,1,0,0,False,False
pytest-dev__pytest-10371,no_paths,249,0,1,1,0,0,False,False
pytest-dev__pytest-10442,full,249,0,2,2,0,0,False,False
pytest-dev__pytest-10442,no_trace,249,0,2,2,0,0,False,False
pytest-dev__pytest-10442,no_paths,249,0,2,2,0,0,False,False
pytest-dev__pytest-10482,full,249,0,1,1,0,0,False,False
pytest-dev__pytest-10482,no_trace,249,0,1,1,0,0,False,False
pytest-dev__pytest-10482,no_paths,249,0,1,1,0,0,False,False
pytest-dev__pytest-10552,full,249,0,1,1,0,0,False,False
pytest-dev__pytest-10552,no_trace,249,0,1,1,0,0,False,False
pytest-dev__pytest-10552,no_paths,249,0,1,1,0,0,False,False
pytest-dev__pytest-10624,full,249,0,1,1,0,1,False,True
pytest-dev__pytest-10624,no_trace,249,0,1,1,0,1,False,True
pytest-dev__pytest-10624,no_paths,249,0,1,1,0,0,False,False
pytest-dev__pytest-10758,full,249,0,1,1,0,0,False,False
pytest-dev__pytest-10758,no_trace,249,0,1,1,0,0,False,False
pytest-dev__pytest-10758,no_paths,249,0,1,1,0,0,False,False
pytest-dev__pytest-10893,full,250,0,2,2,1,1,True,True
pytest-dev__pytest-10893,no_trace,250,0,2,2,0,0,False,False
pytest-dev__pytest-10893,no_paths,250,0,2,2,0,0,False,False
pytest-dev__pytest-10988,full,249,0,1,1,0,1,False,True
pytest-dev__pytest-10988,no_trace,249,0,1,1,0,1,False,True
pytest-dev__pytest-10988,no_paths,249,0,1,1,0,0,False,False
pytest-dev__pytest-11041,full,249,0,1,1,0,0,False,False
pytest-dev__pytest-11041,no_trace,249,0,1,1,0,0,False,False
pytest-dev__pytest-11041,no_paths,249,0,1,1,0,0,False,False
pytest-dev__pytest-11044,full,249,0,1,1,1,1,True,True
pytest-dev__pytest-11044,no_trace,249,0,1,1,0,0,False,False
pytest-dev__pytest-11044,no_paths,249,0,1,1,0,0,False,False
pytest-dev__pytest-11047,full,249,0,1,1,0,0,False,False
pytest-dev__pytest-11047,no_trace,249,0,1,1,0,0,False,False
pytest-dev__pytest-11047,no_paths,249,0,1,1,0,0,False,False
pytest-dev__pytest-11125,full,249,0,1,1,0,1,False,True
pytest-dev__pytest-11125,no_trace,249,0,1,1,0,0,False,False
pytest-dev__pytest-11125,no_paths,249,0,1,1,0,0,False,False
pytest-dev__pytest-11143,full,249,0,1,1,0,1,False,True
pytest-dev__pytest-11143,no_trace,249,0,1,1,0,0,False,False
pytest-dev__pytest-11143,no_paths,249,0,1,1,0,0,False,False
pytest-dev__pytest-11148,full,249,0,1,1,0,0,False,False
pytest-dev__pytest-11148,no_trace,249,0,1,1,0,0,False,False
pytest-dev__pytest-11148,no_paths,249,0,1,1,0,0,False,False
pytest-dev__pytest-11160,full,249,0,1,1,1,1,True,True
pytest-dev__pytest-11160,no_trace,249,0,1,1,0,0,False,False
pytest-dev__pytest-11160,no_paths,249,0,1,1,0,0,False,False
pytest-dev__pytest-11178,full,249,0,1,1,0,1,False,True
pytest-dev__pytest-11178,no_trace,249,0,1,1,0,0,False,False
pytest-dev__pytest-11178,no_paths,249,0,1,1,0,0,False,False
pytest-dev__pytest-11217,full,249,0,1,1,1,1,True,True
pytest-dev__pytest-11217,no_trace,249,0,1,1,0,0,False,False
pytest-dev__pytest-11217,no_paths,249,0,1,1,0,0,False,False
pytest-dev__pytest-5103,full,198,0,1,1,0,0,False,False
pytest-dev__pytest-5103,no_trace,198,0,1,1,0,0,False,False
pytest-dev__pytest-5103,no_paths,198,0,1,1,0,0,False,False
pytest-dev__pytest-5205,full,198,0,1,1,1,1,True,True
pytest-dev__pytest-5205,no_trace,198,0,1,1,0,0,False,False
pytest-dev__pytest-5205,no_paths,198,0,1,1,0,0,False,False
pytest-dev__pytest-5221,full,198,0,1,1,0,0,False,False
pytest-dev__pytest-5221,no_trace,198,0,1,1,0,0,False,False
pytest-dev__pytest-5221,no_paths,198,0,1,1,0,0,False,False
pytest-dev__pytest-5227,full,198,0,1,1,0,0,False,False
pytest-dev__pytest-5227,no_trace,198,0,1,1,0,0,False,False
pytest-dev__pytest-5227,no_paths,198,0,1,1,0,0,False,False
pytest-dev__pytest-5254,full,198,0,2,2,0,0,False,False
pytest-dev__pytest-5254,no_trace,198,0,2,2,0,0,False,False
pytest-dev__pytest-5254,no_paths,198,0,2,2,0,0,False,False
pytest-dev__pytest-5262,full,198,0,1,1,0,1,False,True
pytest-dev__pytest-5262,no_trace,198,0,1,1,0,0,False,False
pytest-dev__pytest-5262,no_paths,198,0,1,1,0,0,False,False
pytest-dev__pytest-5281,full,198,0,2,2,0,1,False,True
pytest-dev__pytest-5281,no_trace,198,0,2,2,0,1,False,True
pytest-dev__pytest-5281,no_paths,198,0,2,2,0,0,False,False
pytest-dev__pytest-5356,full,198,0,1,1,0,0,False,False
pytest-dev__pytest-5356,no_trace,198,0,1,1,0,0,False,False
pytest-dev__pytest-5356,no_paths,198,0,1,1,0,0,False,False
pytest-dev__pytest-5404,full,197,0,1,1,0,1,False,True
pytest-dev__pytest-5404,no_trace,197,0,1,1,0,0,False,False
pytest-dev__pytest-5404,no_paths,197,0,1,1,0,0,False,False
pytest-dev__pytest-5413,full,197,0,1,1,0,0,False,False
pytest-dev__pytest-5413,no_trace,197,0,1,1,0,0,False,False
pytest-dev__pytest-5413,no_paths,197,0,1,1,0,0,False,False
pytest-dev__pytest-5479,full,198,0,1,1,0,0,False,False
pytest-dev__pytest-5479,no_trace,198,0,1,1,0,0,False,False
pytest-dev__pytest-5479,no_paths,198,0,1,1,0,0,False,False
pytest-dev__pytest-5495,full,200,0,1,1,0,0,False,False
pytest-dev__pytest-5495,no_trace,200,0,1,1,0,0,False,False
pytest-dev__pytest-5495,no_paths,200,0,1,1,0,0,False,False
pytest-dev__pytest-5550,full,200,0,1,1,0,0,False,False
pytest-dev__pytest-5550,no_trace,200,0,1,1,0,0,False,False
pytest-dev__pytest-5550,no_paths,200,0,1,1,0,0,False,False
pytest-dev__pytest-5555,full,200,0,1,1,0,0,False,False
pytest-dev__pytest-5555,no_trace,200,0,1,1,0,0,False,False
pytest-dev__pytest-5555,no_paths,200,0,1,1,0,0,False,False
pytest-dev__pytest-5559,full,200,0,3,3,0,0,False,False
pytest-dev__pytest-5559,no_trace,200,0,3,3,0,0,False,False
pytest-dev__pytest-5559,no_paths,200,0,3,3,0,0,False,False
pytest-dev__pytest-5631,full,201,0,1,1,0,1,False,True
pytest-dev__pytest-5631,no_trace,201,0,1,1,0,0,False,False
pytest-dev__pytest-5631,no_paths,201,0,1,1,0,0,False,False
pytest-dev__pytest-5692,full,201,0,1,1,0,0,False,False
pytest-dev__pytest-5692,no_trace,201,0,1,1,0,0,False,False
pytest-dev__pytest-5692,no_paths,201,0,1,1,0,0,False,False
pytest-dev__pytest-5787,full,202,0,1,1,0,0,False,False
pytest-dev__pytest-5787,no_trace,202,0,1,1,0,0,False,False
pytest-dev__pytest-5787,no_paths,202,0,1,1,0,0,False,False
pytest-dev__pytest-5808,full,202,0,1,1,1,1,True,True
pytest-dev__pytest-5808,no_trace,202,0,1,1,0,0,False,False
pytest-dev__pytest-5808,no_paths,202,0,1,1,0,0,False,False
pytest-dev__pytest-5809,full,199,0,1,1,1,1,True,True
pytest-dev__pytest-5809,no_trace,199,0,1,1,0,0,False,False
pytest-dev__pytest-5809,no_paths,199,0,1,1,0,0,False,False
pytest-dev__pytest-5840,full,202,0,2,2,0,0,False,False
pytest-dev__pytest-5840,no_trace,202,0,2,2,0,0,False,False
pytest-dev__pytest-5840,no_paths,202,0,2,2,0,0,False,False
pytest-dev__pytest-5980,full,203,0,3,4,0,0,False,False
pytest-dev__pytest-5980,no_trace,203,0,3,4,0,0,False,False
pytest-dev__pytest-5980,no_paths,203,0,3,4,0,0,False,False
pytest-dev__pytest-6116,full,205,0,1,1,0,0,False,False
pytest-dev__pytest-6116,no_trace,205,0,1,1,0,0,False,False
pytest-dev__pytest-6116,no_paths,205,0,1,1,0,0,False,False
pytest-dev__pytest-6186,full,205,0,2,2,0,0,False,False
pytest-dev__pytest-6186,no_trace,205,0,2,2,0,0,False,False
pytest-dev__pytest-6186,no_paths,205,0,2,2,0,0,False,False
pytest-dev__pytest-6197,full,203,0,1,1,0,0,False,False
pytest-dev__pytest-6197,no_trace,203,0,1,1,0,0,False,False
pytest-dev__pytest-6197,no_paths,203,0,1,1,0,0,False,False
pytest-dev__pytest-6202,full,203,0,1,1,1,1,True,True
pytest-dev__pytest-6202,no_trace,203,0,1,1,0,0,False,False
pytest-dev__pytest-6202,no_paths,203,0,1,1,0,0,False,False
pytest-dev__pytest-6214,full,203,0,1,1,0,0,False,False
pytest-dev__pytest-6214,no_trace,203,0,1,1,0,0,False,False
pytest-dev__pytest-6214,no_paths,203,0,1,1,0,0,False,False
pytest-dev__pytest-6283,full,209,0,1,1,0,1,False,True
pytest-dev__pytest-6283,no_trace,209,0,1,1,0,1,False,True
pytest-dev__pytest-6283,no_paths,209,0,1,1,0,0,False,False
pytest-dev__pytest-6323,full,202,0,1,1,0,0,False,False
pytest-dev__pytest-6323,no_trace,202,0,1,1,0,0,False,False
pytest-dev__pytest-6323,no_paths,202,0,1,1,0,0,False,False
pytest-dev__pytest-6368,full,199,0,1,1,0,0,False,False
pytest-dev__pytest-6368,no_trace,199,0,1,1,0,0,False,False
pytest-dev__pytest-6368,no_paths,199,0,1,1,0,0,False,False
pytest-dev__pytest-6680,full,203,0,1,1,0,0,False,False
pytest-dev__pytest-6680,no_trace,203,0,1,1,0,0,False,False
pytest-dev__pytest-6680,no_paths,203,0,1,1,0,0,False,False
pytest-dev__pytest-6926,full,203,0,1,1,0,0,False,False
pytest-dev__pytest-6926,no_trace,203,0,1,1,0,0,False,False
pytest-dev__pytest-6926,no_paths,203,0,1,1,0,0,False,False
pytest-dev__pytest-7046,full,209,0,2,2,0,0,False,False
pytest-dev__pytest-7046,no_trace,209,0,2,2,0,0,False,False
pytest-dev__pytest-7046,no_paths,209,0,2,2,0,0,False,False
pytest-dev__pytest-7122,full,205,0,1,2,0,0,False,False
pytest-dev__pytest-7122,no_trace,205,0,1,2,0,0,False,False
pytest-dev__pytest-7122,no_paths,205,0,1,2,0,0,False,False
pytest-dev__pytest-7151,full,206,0,2,2,0,0,False,False
pytest-dev__pytest-7151,no_trace,206,0,2,2,0,0,False,False
pytest-dev__pytest-7151,no_paths,206,0,2,2,0,0,False,False
pytest-dev__pytest-7158,full,206,0,1,1,0,0,False,False
pytest-dev__pytest-7158,no_trace,206,0,1,1,0,0,False,False
pytest-dev__pytest-7158,no_paths,206,0,1,1,0,0,False,False
pytest-dev__pytest-7168,full,207,0,1,1,0,1,False,True
pytest-dev__pytest-7168,no_trace,207,0,1,1,0,1,False,True
pytest-dev__pytest-7168,no_paths,207,0,1,1,0,0,False,False
pytest-dev__pytest-7186,full,210,0,1,1,0,1,False,True
pytest-dev__pytest-7186,no_trace,210,0,1,1,0,0,False,False
pytest-dev__pytest-7186,no_paths,210,0,1,1,0,0,False,False
pytest-dev__pytest-7205,full,210,0,1,1,1,1,True,True
pytest-dev__pytest-7205,no_trace,210,0,1,1,0,0,False,False
pytest-dev__pytest-7205,no_paths,210,0,1,1,0,0,False,False
pytest-dev__pytest-7220,full,209,0,1,1,0,0,False,False
pytest-dev__pytest-7220,no_trace,209,0,1,1,0,0,False,False
pytest-dev__pytest-7220,no_paths,209,0,1,1,0,0,False,False
pytest-dev__pytest-7231,full,209,0,1,1,0,0,False,False
pytest-dev__pytest-7231,no_trace,209,0,1,1,0,0,False,False
pytest-dev__pytest-7231,no_paths,209,0,1,1,0,0,False,False
pytest-dev__pytest-7236,full,209,0,1,1,0,0,False,False
pytest-dev__pytest-7236,no_trace,209,0,1,1,0,0,False,False
pytest-dev__pytest-7236,no_paths,209,0,1,1,0,0,False,False
pytest-dev__pytest-7283,full,205,0,1,1,0,0,False,False
pytest-dev__pytest-7283,no_trace,205,0,1,1,0,0,False,False
pytest-dev__pytest-7283,no_paths,205,0,1,1,0,0,False,False
pytest-dev__pytest-7314,full,200,0,1,1,0,1,False,True
pytest-dev__pytest-7314,no_trace,200,0,1,1,0,1,False,True
pytest-dev__pytest-7314,no_paths,200,0,1,1,0,1,False,True
pytest-dev__pytest-7324,full,212,0,1,1,0,0,False,False
pytest-dev__pytest-7324,no_trace,212,0,1,1,0,0,False,False
pytest-dev__pytest-7324,no_paths,212,0,1,1,0,0,False,False
pytest-dev__pytest-7352,full,215,0,1,1,1,1,True,True
pytest-dev__pytest-7352,no_trace,215,0,1,1,0,1,False,True
pytest-dev__pytest-7352,no_paths,215,0,1,1,0,0,False,False
pytest-dev__pytest-7373,full,215,0,1,1,0,1,False,True
pytest-dev__pytest-7373,no_trace,215,0,1,1,0,1,False,True
pytest-dev__pytest-7373,no_paths,215,0,1,1,0,0,False,False
pytest-dev__pytest-7432,full,214,0,1,1,1,1,True,True
pytest-dev__pytest-7432,no_trace,214,0,1,1,1,1,True,True
pytest-dev__pytest-7432,no_paths,214,0,1,1,0,0,False,False
pytest-dev__pytest-7466,full,214,0,1,1,0,0,False,False
pytest-dev__pytest-7466,no_trace,214,0,1,1,0,0,False,False
pytest-dev__pytest-7466,no_paths,214,0,1,1,0,0,False,False
pytest-dev__pytest-7468,full,214,0,1,1,0,0,False,False
pytest-dev__pytest-7468,no_trace,214,0,1,1,0,0,False,False
pytest-dev__pytest-7468,no_paths,214,0,1,1,0,0,False,False
pytest-dev__pytest-7481,full,214,0,1,1,0,1,False,True
pytest-dev__pytest-7481,no_trace,214,0,1,1,0,1,False,True
pytest-dev__pytest-7481,no_paths,214,0,1,1,0,0,False,False
pytest-dev__pytest-7490,full,214,0,1,1,0,0,False,False
pytest-dev__pytest-7490,no_trace,214,0,1,1,0,0,False,False
pytest-dev__pytest-7490,no_paths,214,0,1,1,0,0,False,False
pytest-dev__pytest-7499,full,214,0,1,1,0,0,False,False
pytest-dev__pytest-7499,no_trace,214,0,1,1,0,0,False,False
pytest-dev__pytest-7499,no_paths,214,0,1,1,0,0,False,False
pytest-dev__pytest-7500,full,214,0,1,1,0,1,False,True
pytest-dev__pytest-7500,no_trace,214,0,1,1,0,0,False,False
pytest-dev__pytest-7500,no_paths,214,0,1,1,0,0,False,False
pytest-dev__pytest-7521,full,215,0,1,1,0,0,False,False
pytest-dev__pytest-7521,no_trace,215,0,1,1,0,0,False,False
pytest-dev__pytest-7521,no_paths,215,0,1,1,0,0,False,False
pytest-dev__pytest-7535,full,215,0,1,1,0,0,False,False
pytest-dev__pytest-7535,no_trace,215,0,1,1,0,0,False,False
pytest-dev__pytest-7535,no_paths,215,0,1,1,0,0,False,False
pytest-dev__pytest-7571,full,215,0,1,1,0,0,False,False
pytest-dev__pytest-7571,no_trace,215,0,1,1,0,0,False,False
pytest-dev__pytest-7571,no_paths,215,0,1,1,0,0,False,False
pytest-dev__pytest-7637,full,214,0,4,4,0,0,False,False
pytest-dev__pytest-7637,no_trace,214,0,4,4,0,0,False,False
pytest-dev__pytest-7637,no_paths,214,0,4,4,0,0,False,False
pytest-dev__pytest-7648,full,216,0,4,4,0,0,False,False
pytest-dev__pytest-7648,no_trace,216,0,4,4,0,0,False,False
pytest-dev__pytest-7648,no_paths,216,0,4,4,0,0,False,False
pytest-dev__pytest-7673,full,214,0,1,1,0,0,False,False
pytest-dev__pytest-7673,no_trace,214,0,1,1,0,0,False,False
pytest-dev__pytest-7673,no_paths,214,0,1,1,0,0,False,False
pytest-dev__pytest-7749,full,214,0,1,1,0,0,False,False
pytest-dev__pytest-7749,no_trace,214,0,1,1,0,0,False,False
pytest-dev__pytest-7749,no_paths,214,0,1,1,0,0,False,False
pytest-dev__pytest-7939,full,223,0,1,1,0,0,False,False
pytest-dev__pytest-7939,no_trace,223,0,1,1,0,0,False,False
pytest-dev__pytest-7939,no_paths,223,0,1,1,0,0,False,False
pytest-dev__pytest-7982,full,223,0,1,1,0,0,False,False
pytest-dev__pytest-7982,no_trace,223,0,1,1,0,0,False,False
pytest-dev__pytest-7982,no_paths,223,0,1,1,0,0,False,False
pytest-dev__pytest-7985,full,224,0,4,4,0,0,False,False
pytest-dev__pytest-7985,no_trace,224,0,4,4,0,0,False,False
pytest-dev__pytest-7985,no_paths,224,0,4,4,0,0,False,False
pytest-dev__pytest-8022,full,224,0,1,1,1,1,True,True
pytest-dev__pytest-8022,no_trace,224,0,1,1,0,0,False,False
pytest-dev__pytest-8022,no_paths,224,0,1,1,0,0,False,False
pytest-dev__pytest-8033,full,224,0,1,1,0,0,False,False
pytest-dev__pytest-8033,no_trace,224,0,1,1,0,0,False,False
pytest-dev__pytest-8033,no_paths,224,0,1,1,0,0,False,False
pytest-dev__pytest-8055,full,224,0,4,6,0,0,False,False
pytest-dev__pytest-8055,no_trace,224,0,4,6,0,0,False,False
pytest-dev__pytest-8055,no_paths,224,0,4,6,0,0,False,False
pytest-dev__pytest-8124,full,229,0,2,2,0,0,False,False
pytest-dev__pytest-8124,no_trace,229,0,2,2,0,0,False,False
pytest-dev__pytest-8124,no_paths,229,0,2,2,0,0,False,False
pytest-dev__pytest-8250,full,234,0,1,1,1,1,True,True
pytest-dev__pytest-8250,no_trace,234,0,1,1,0,0,False,False
pytest-dev__pytest-8250,no_paths,234,0,1,1,0,0,False,False
pytest-dev__pytest-8365,full,235,0,1,1,0,0,False,False
pytest-dev__pytest-8365,no_trace,235,0,1,1,0,0,False,False
pytest-dev__pytest-8365,no_paths,235,0,1,1,0,0,False,False
pytest-dev__pytest-8399,full,235,0,2,2,0,1,False,True
pytest-dev__pytest-8399,no_trace,235,0,2,2,0,0,False,False
pytest-dev__pytest-8399,no_paths,235,0,2,2,0,0,False,False
pytest-dev__pytest-8422,full,235,0,1,1,0,0,False,False
pytest-dev__pytest-8422,no_trace,235,0,1,1,0,0,False,False
pytest-dev__pytest-8422,no_paths,235,0,1,1,0,0,False,False
pytest-dev__pytest-8428,full,249,0,3,3,0,0,False,False
pytest-dev__pytest-8428,no_trace,249,0,3,3,0,0,False,False
pytest-dev__pytest-8428,no_paths,249,0,3,3,0,0,False,False
pytest-dev__pytest-8447,full,236,0,2,2,0,1,False,True
pytest-dev__pytest-8447,no_trace,236,0,2,2,0,0,False,False
pytest-dev__pytest-8447,no_paths,236,0,2,2,0,0,False,False
pytest-dev__pytest-8463,full,235,0,5,6,0,0,False,False
pytest-dev__pytest-8463,no_trace,235,0,5,6,0,0,False,False
pytest-dev__pytest-8463,no_paths,235,0,5,6,0,0,False,False
pytest-dev__pytest-8516,full,235,0,3,3,0,0,False,False
pytest-dev__pytest-8516,no_trace,235,0,3,3,0,0,False,False
pytest-dev__pytest-8516,no_paths,235,0,3,3,0,0,False,False
pytest-dev__pytest-8641,full,236,0,1,1,1,1,True,True
pytest-dev__pytest-8641,no_trace,236,0,1,1,0,0,False,False
pytest-dev__pytest-8641,no_paths,236,0,1,1,0,0,False,False
pytest-dev__pytest-8861,full,235,0,1,1,0,0,False,False
pytest-dev__pytest-8861,no_trace,235,0,1,1,0,0,False,False
pytest-dev__pytest-8861,no_paths,235,0,1,1,0,0,False,False
pytest-dev__pytest-8906,full,235,0,1,1,0,0,False,False
pytest-dev__pytest-8906,no_trace,235,0,1,1,0,0,False,False
pytest-dev__pytest-8906,no_paths,235,0,1,1,0,0,False,False
pytest-dev__pytest-8950,full,240,0,5,5,0,0,False,False
pytest-dev__pytest-8950,no_trace,240,0,5,5,0,0,False,False
pytest-dev__pytest-8950,no_paths,240,0,5,5,0,0,False,False
pytest-dev__pytest-8952,full,238,0,2,2,0,0,False,False
pytest-dev__pytest-8952,no_trace,238,0,2,2,0,0,False,False
pytest-dev__pytest-8952,no_paths,238,0,2,2,0,0,False,False
pytest-dev__pytest-8987,full,240,0,1,1,0,0,False,False
pytest-dev__pytest-8987,no_trace,240,0,1,1,0,0,False,False
pytest-dev__pytest-8987,no_paths,240,0,1,1,0,0,False,False
pytest-dev__pytest-9064,full,240,0,1,1,0,0,False,False
pytest-dev__pytest-9064,no_trace,240,0,1,1,0,0,False,False
pytest-dev__pytest-9064,no_paths,240,0,1,1,0,0,False,False
pytest-dev__pytest-9066,full,240,0,1,1,0,0,False,False
pytest-dev__pytest-9066,no_trace,240,0,1,1,0,0,False,False
pytest-dev__pytest-9066,no_paths,240,0,1,1,0,0,False,False
pytest-dev__pytest-9133,full,240,0,2,2,0,0,False,False
pytest-dev__pytest-9133,no_trace,240,0,2,2,0,0,False,False
pytest-dev__pytest-9133,no_paths,240,0,2,2,0,0,False,False
pytest-dev__pytest-9249,full,242,0,1,1,0,0,False,False
pytest-dev__pytest-9249,no_trace,242,0,1,1,0,0,False,False
pytest-dev__pytest-9249,no_paths,242,0,1,1,0,0,False,False
pytest-dev__pytest-9279,full,244,0,1,1,0,1,False,True
pytest-dev__pytest-9279,no_trace,244,0,1,1,0,0,False,False
pytest-dev__pytest-9279,no_paths,244,0,1,1,0,0,False,False
pytest-dev__pytest-9359,full,244,0,1,1,0,0,False,False
pytest-dev__pytest-9359,no_trace,244,0,1,1,0,0,False,False
pytest-dev__pytest-9359,no_paths,244,0,1,1,0,0,False,False
pytest-dev__pytest-9475,full,244,0,2,2,0,0,False,False
pytest-dev__pytest-9475,no_trace,244,0,2,2,0,0,False,False
pytest-dev__pytest-9475,no_paths,244,0,2,2,0,0,False,False
pytest-dev__pytest-9624,full,244,0,1,1,0,1,False,True
pytest-dev__pytest-9624,no_trace,244,0,1,1,0,1,False,True
pytest-dev__pytest-9624,no_paths,244,0,1,1,0,0,False,False
pytest-dev__pytest-9646,full,244,0,1,1,0,1,False,True
pytest-dev__pytest-9646,no_trace,244,0,1,1,0,0,False,False
pytest-dev__pytest-9646,no_paths,244,0,1,1,0,0,False,False
pytest-dev__pytest-9681,full,244,0,1,1,0,0,False,False
pytest-dev__pytest-9681,no_trace,244,0,1,1,0,0,False,False
pytest-dev__pytest-9681,no_paths,244,0,1,1,0,0,False,False
pytest-dev__pytest-9709,full,244,0,1,1,0,0,False,False
pytest-dev__pytest-9709,no_trace,244,0,1,1,0,0,False,False
pytest-dev__pytest-9709,no_paths,244,0,1,1,0,0,False,False
pytest-dev__pytest-9780,full,244,0,1,1,0,0,False,False
pytest-dev__pytest-9780,no_trace,244,0,1,1,0,0,False,False
pytest-dev__pytest-9780,no_paths,244,0,1,1,0,0,False,False
pytest-dev__pytest-9798,full,244,0,1,1,0,1,False,True
pytest-dev__pytest-9798,no_trace,244,0,1,1,0,0,False,False
pytest-dev__pytest-9798,no_paths,244,0,1,1,0,0,False,False
pytest-dev__pytest-9911,full,245,0,1,1,0,0,False,False
pytest-dev__pytest-9911,no_trace,245,0,1,1,0,0,False,False
pytest-dev__pytest-9911,no_paths,245,0,1,1,0,0,False,False
pytest-dev__pytest-9956,full,245,0,3,3,0,0,False,False
pytest-dev__pytest-9956,no_trace,245,0,3,3,0,0,False,False
pytest-dev__pytest-9956,no_paths,245,0,3,3,0,0,False,False
