module_names,min_tokens,max_df_ratio,n_gold_in_scan,n_non_overlap,pct_non_overlap,nonov_instances,nonov_mrr,nonov_r10
False,1,1.0,423,4,0.009456264775413711,4,0.2916132478632479,0.5
False,1,0.25,423,59,0.13947990543735225,30,0.13933088406650318,0.23034188034188033
False,1,0.1,423,85,0.20094562647754138,40,0.15171152814689998,0.2984649122807017
False,1,0.05,423,136,0.3215130023640662,67,0.18250097995609516,0.33091684434968016
False,2,1.0,423,58,0.13711583924349882,32,0.14704604119356457,0.32011217948717946
False,2,0.25,423,107,0.25295508274231676,55,0.17646704105578176,0.33925133689839576
False,2,0.1,423,147,0.3475177304964539,73,0.18665317996411804,0.36982483468487043
False,2,0.05,423,233,0.5508274231678487,121,0.2239202164416761,0.43616401165808283
False,3,1.0,423,99,0.23404255319148937,54,0.21869734450138634,0.3699164851125635
False,3,0.25,423,144,0.3404255319148936,73,0.2250129302761408,0.405300774270399
False,3,0.1,423,203,0.4799054373522459,107,0.22877885938359543,0.4226195313558174
False,3,0.05,423,294,0.6950354609929078,154,0.269214286307319,0.492692412933553
True,1,1.0,423,3,0.0070921985815602835,3,0.05548433048433049,0.3333333333333333
True,1,0.25,423,47,0.1111111111111111,24,0.11432966764813855,0.18402777777777776
True,1,0.1,423,76,0.17966903073286053,37,0.12864375919308182,0.25911625911625913
True,1,0.05,423,124,0.29314420803782504,61,0.1766359207789676,0.31176394787266226
True,2,1.0,423,47,0.1111111111111111,24,0.1311818039812927,0.28125000000000006
True,2,0.25,423,95,0.22458628841607564,49,0.16929448258494212,0.3453047885820995
True,2,0.1,423,143,0.3380614657210402,71,0.16929382210628013,0.3581999241827778
True,2,0.05,423,233,0.5508274231678487,122,0.2114794260679711,0.4242555634750931
True,3,1.0,423,86,0.2033096926713948,48,0.20955582604881287,0.3744893790849673
True,3,0.25,423,134,0.31678486997635935,68,0.20988916346705064,0.38625222816399285
True,3,0.1,423,192,0.45390070921985815,97,0.22460501165059682,0.41515762737188106
True,3,0.05,423,288,0.6808510638297872,147,0.27191439466762346,0.4900768589009103
